REG#,COUNTRY,TYPE: https://www.icao.int/publications/DOC8643/Pages/Search.aspx,MTOW,KG,NOISE(JCAB83=0),FLYOVER,APPROACH,LATERAL,"ORDER KEY 
(RJTT-XXXX)",REMARKS (DATE obtained),,http://noisedb.stac.aviation-civile.gouv.fr/find.php,2.204619880lbs
9HBIG,MALTA, A342 ,260,260000,96,94.6,97.2,95.4,,AIR X CHARTER LIMITED,,,
VPCZW,CAYMAN ISLAND, B737 ,78,77564,91,85.4,95.8,94.9,請求先届の最終版,data obtained on 16FEB17 FROM sino jet,,,
N804MS,U.S.A., B763,176,175540,95,90.7,98.4,95.3,,data obtained on 15FEB17,,,
DATWO,GERMANY, E135 ,22,21863,87,81.2,91.3,84.6,,,,,
N417LX,U.S.A., GLEX ,46,45132,87,82.4,89.7,87.9,,data obtained on 08MAR17,,,
UR82073,UKRAINE,A124,392,392000,106,106,104.6,102.7,,,,,
UR82009,UKRAINE,A124,402,402000,106,106.2,104.9,102.7,,,,,
UR82007,UKRAINE,A124,392,,104.0 ,102.7 ,104.6 ,106,,Certificate obtained on 27SEP2017,,,
UR82008,UKRAINE,A124,392,,104.0 ,102.7 ,104.6 ,106.0 ,,,,,
UR82027,UKRAINE,A124,392,,104.0 ,102.7 ,104.6 ,106,,諸元なし,,,
UR82029,UKRAINE,A124,392,,104.0 ,102.7 ,104.6 ,106.0 ,,,,,
UR82072,UKRAINE,A124,402,,104.0 ,102.7 ,104.9 ,N/A,,,,,
HZNSA,SAUDI ARABIA,A310,153,153000,94,88.6,98.4,94.7,,"(MTOW: 153,000kg; maximum landing weight: 123,000kg)",,,
B77777,REPUBLIC OF CHINA,A318,68,,90.0 ,85.0 ,94.3 ,,,グラフの為LATERAL数値不明,,,
B55411,REPUBLIC OF CHINA,A318,66,,89.0 ,82.2 ,93.9 ,92,,,,,
B6186,CHINA,A318,66,66000,89,82.2,93.9,92,,,,,
N777UE,U.S.A.,A318,68,,89.0 ,83.0 ,93.9 ,91.9,,,,,
B6936,CHINA,A318,68,68000,89,83.0 ,93.9 ,91.9,,,,,
9HUEC,MALTA,A318,68,68000,89,83.0 ,93.9 ,91.9,,,,,
LXLTI,LUXEMBOURG,A318,68,68000,89,83.0 ,93.9 ,91.9,,,,,
VPCLJ,CAYMAN ISLANDS,A318,68,68000,89,83,93.9,91.9,,,,,
B6435,CHINA,A319,76,,90.0 ,84.2,94.4,92.5,,,,,
3085,The Czech Republic,A319,76,,90.0 ,84.5,94.2,94.7,,,,,
B54111,REPUBLIC OF CHINA,A319,77,,90.0 ,85.1,93.7,94.2,,,,,
B8319,CHINA,A319,77,76500,90.0 ,85.1,93.7,94.2,,Departure: Sep/28,,,
HL8080,REP OF KOREA,A319,77,76476,90,85.1,93.7,94.2,,,,,
LXMCE,LUXEMBOURG,A319,77,,90.0 ,85.1,93.7,94.2,,,,,
LXMCO,LUXEMBOURG,A319,77,76499,90,85.1,93.7,94.2,,,,,
DALXX,GERMANY,A319,77,76500,90,85.1,93.7,94.2,,,,,
LXGVV,LUXEMBOURG,A319,77,76500,90,85.1,93.7,94.2,,,,,
HSPPF,THAILAND,A319,70,,89.0 ,82.8,94.4,91.8,,,,,
HSPPM,THAILAND,A319,68,,45.0 ,89,,,,緒元なし/RJAAに来たら緒元リクエスト必要,89,,
2801,The Czech Republic,A319 ,76,75500,90,84.5,94.2,94.7,,,,,
HSPPS ,THAILAND,A319 ,76,75500,90,85.1,94.4,91.4,,"capps no data, need to rqst from TSS asia",,,
VTIAH,INDIA,A319 ,77,76500,90,85.1,93.7,94.2,,,,,
FWXAA,FRANCE,A320,77,77000,92,87.2,95.7,94.3,,,,,
FWXAP,FRANCE,A320,77,77000,92,87.2,95.7,94.3,,,,,
FWXAR,FRANCE,A320,77,77000,92,87.2,95.7,94.3,,,,,
FWHUS,FRANCE,A320,77,77000,92,87.2,95.7,94.3,https://insyght.universalweather.com/UWA/fbo1#/classic/Order.aspx?Orderid=df6989de-3296-4fdc-92d4-e21420f61161,Departure: June,,,
FWHUH,FRANCE,A320,77,77000,92,87.2,95.7,94.3,https://insyght.universalweather.com/UWA/fbo1#/classic/Order.aspx?Orderid=d789a7dd-4e45-4ab1-b534-d6c7e90dd116,,,,
FWHUM,FRANCE,A320,77,77000,92,87.2,95.7,94.3,,,,,
FWHUT,FRANCE,A320,77,77000,92,87.2,95.7,94.3,,,,,
B8415,CHINA,A320,77,,90.0 ,84.6,95.3,91.6,,,,,
HSPPO,THAILAND,A320,77,77000,90,84.65,95.3,91.58,,data obtained on 01FEB,,,
FWHUE,FRANCE,A320,77,77000,90,84.8,95.2,92.9,,,,,
FWHUV,FRANCE,A320,77,77000,90,85.3,94.4,92.9,,,,,
FWXAX,FRANCE,A320,77,77000,90,85.3,94.2,92.9,,,,,
VPCBE,CAYMAN ISLAND,A330,238,23800,97.0 ,93.1,99.0 ,98.9,,,,,
VPCKQ,CAYMAN ISLAND,A332,238,238000,96,92.8,99,99.6,,,,,
P4MLO,ARUBA,A332,233,233000,94,90.7,96.9,97.4,https://insyght.universalweather.com/UWA/fbo1#/classic/Order.aspx?Orderid=26bbc499-ed5c-4d8a-9498-55e283555e7f,Departure: 6/17,,,
VPBMS,BERMUDA,A345,372,372000,98,95.4,99.5,95.5,,,,,
N818WB,U.S.A.,ASTR,12,11181,87,84.1,89.8,89.7,,,,,
B20001,REPUBLIC OF CHINA,ASTR,12,,86.0 ,79.1,91.9,89.5,,,,,
N379FC,U.S.A.,B350,7,6804,#VALUE!,PROP,PROP,PROP,,,,,
N800AK,U.S.A.,B721,80,,95.0 ,93.3,95.3,92.7,,,,,
N788LS,U.S.A.,B733,63,62822,93,85.5,99.9,91.9,,吉岡さんに確認済,,,
GPOWC,UNITED KINGDOM,B733,64,63276,92,83.9,98.6,90.9,,,,,
N7374C,U.S.A.,B734,69,68039,93,86.3,98.6,90.7,,,,,
N7377S,U.S.A.,B734,69,68039,93,86.3,98.6,90.7,,,,,
N7379C,U.S.A.,B734,69,68039,93,86.3,98.6,90.7,,,,,
N122WF,U.S.A.,B734,0,,,,,,,,,,
VPBXY,BERMUDA,B735,59,58740,#VALUE!,No need,No need,No need,,Order cancelled (Cheung 11/22),,,
VPBIZ,BERMUDA,B737,78,77564,97,96.1 ,96.1,95.2,,"Data obtained on 11JAN,2017",,,
N377CJ,U.S.A.,B737,78,,92.0 ,86.4,96,94.9,,,,,
N737CC,U.S.A.,B737,78,,92.0 ,86.4,96,,,緒元なし/RJAAに来たら緒元リクエスト必要,,,
N90R,U.S.A.,B737,78,78000,92,86.6 ,96.1,95.2,,,,,
N92SR,U.S.A.,B737,78,77564,92,86.6,96.1,95.2,,,,,
N999TY,U.S.A.,B737,78,77564,92,86.6,96.1,95.2,,,,,
MURUS,ISLE OF MAN,B737,78,77564,92,86.6,96.1,95.2,,,,,
VPCKG,CAYMAN ISLAND,B737,78,77564,92,86.6,96.1,95.2,,,,,
N260DV,U.S.A.,B737,78,77564,92,86.6,96.1,95.2,,,,,
N7777Q,U.S.A.,B737,78,77564,92,86.6,96.1,95.2,,,,,
N666ML,U.S.A.,B737,78,"77,564",92.0 ,87.1,96.1,,,,,,
N737ER,U.S.A.,B737,78,77500,92.0 ,87.1,96.1,94.1,,,,,
HL8290,REP OF KOREA,B737,78,,91.0 ,85.4,95.8,94.9,,,,,
N301SR,U.S.A.,B737,78,77564,91,85.4,95.8,94.9,,,,,
N930HB,U.S.A.,B737,78,77564,91.0 ,85.4,95.8,94.9,,(2015.12.3新諸元入手CABへも再提出済）,,,
MLCFC,ISLE OF MAN,B737,78,77564,91.0 ,85.6 ,95.9 ,95.1 ,,,,,
BLEX,HONG KONG,B737,78,,91.0 ,85.6,95.9,95.1,,,,,
HL7227,REP OF KOREA,B737,78,"77,564",91.0 ,85.6,95.9,95.1,,,,,
N500LS,U.S.A.,B737,78,,91.0 ,85.6,95.9,95.1,,Departure: Jan/08,,,
N887LS,U.S.A.,B737,78,,91.0 ,85.6,95.9,95.1,,,,,
P4SJM,BRAZIL,B737,78,77565,91,85.6,95.9,95.1,,,,,
N108MS,U.S.A.,B737,78,77564,91,85.6,95.9,95.1,,,,,
N889LS,U.S.A.,B737,78,77564,91,85.6,95.9,95.1,,,,,
N213EM,U.S.A.,B737,78,77564,91,85.6,95.9,95.1,,,,,
BLDL,HONG KONG,B737,42,41227,86,79.3 ,90.8,90.2,,,,,
9MIII,MALAYSIA,B738,80,"79,015",92.0 ,85.9,96.4,94.5,,,,,
N737M,U.S.A.,B738,80,79016,92,86,96.4,94.4,,data obtained on 14MAR17,,,
VPCOH,CAYMAN ISLAND,B738,80,79015,92,86,96.3,94.7,,,,,
T7GSA,SAN MARINO,B738,80,79015,92,86,96.3,94.7,,,,,
N737GG,U.S.A.,B738,79,,92.0 ,87,97,,,緒元なし/RJAAに来たら緒元リクエスト必要,,,
LVHKS,Argentina,B738,71,70533,91,84.5,96.3,92.5,,,,,
HZATR,SAUDI ARABIA,B739,86,85139,93,88.3,96.4,93.7,,Maximum landing weight: 71350kg,,,
ECMQK,SPAIN,B744,395,394625,101,98.4,102.8,98.5,,,,,
VQBMS,BERMUDA,B74S,313,312978,103.0 ,102.1,102.8,102.5,,,,,
VPBLK,BERMUDA,B74S,313,312978,103.0 ,102.1,102.8,102.5,,,,,
N903TB,U.S.A.,B752,116,,93.0 ,88.1,97.3,94.2,,,,,
GPOWH,UNITED KINGDOM,B752,116,115666,92,87.2,95,93,,June,,,
N770BB,U.S.A.,B752,116,115666,91,86.7,95,93,,,,,
N757HW,U.S.A.,B752,109,108862,90,84.8,95,93.1,,CAPPS NO DATA,,,
N2767,U.S.A.,B762,157,,99.0 ,94.3,102.4,96.3,,,,,
N225AX,U.S.A.,B762,180,179168,94,91.25,96.4,94.4,,,,,
P4CLA,ARUBA,B762,173,172365,93,89,95.9,95.7,,,,,
N104FE,U.S.A.,B763,186,185070,95,89.9,99,96.2,,,,,
N342AX,U.S.A.,B763,186,185066,95,91.1,98.5,95.75,,obtained from Omni air through email,,,
VPBKS,BERMUDA,B763,186,185065,95,91.2,98.4,96.3,,,,,
N396AX,U.S.A.,B763,187,,95.0 ,91.25,98.5,95.68,,,,,
P4XTL,ARUBA,B772,323,322050,95,89.6,99.7,99.6,,,,,
EZA778,TURKMENISTAN,B772,323,322050,95,90.2,99.7,98.2,,,,,
HZAKF,SAUDI ARABIA,B772,287,,95.0 ,90.7,98.6,95.9,,☆certは、各reg分、HZ-AKA～HZ-AKWまで計23枚有,,,
XCMEX,MEXICO,B787,0,,#VALUE!,No need,No need,No need,,"Order cancelled (Cheung, 10/11)",,,
VPCJY,CAYMAN ISLANDS,BD700-1A10,46,45132,87,83.7,89.7,87.8,,,,,
N750GX,U.S.A.,BD-700-2A12,53,52095,85,80.3,88.8,91.6,,,,,
JA8824,JAPAN,BE20 ,7,6350,0,,,,,JCAB提出不要,,,
VHEIH,AUSTRALIA,BE40,8,7394,91,88.78,92.58,RQST,,"RJAAに運航があったらLATERAL DATA必要 (Cheung read, 10/11)",,,
P2NTR,PAPUA NEW GUINEA,BE9L ,5,4763,PRPO機,-,-,-,,,,,
DEMDT,GERMANY,C10T,2,1814,#VALUE!,-,-,-,,PROP機,,,
NZ7004,NEW ZEALAND,C130,62,,-,-,-,-,,PROP機,,,
N2217M,U.S.A.,C208,4,,#VALUE!,PROP機,,,,,,,
N307PW,U.S.A.,C208,4,4000,,,,,,PROP機,,,
HI1045,Dominican Republic,C25B,7,6291,81,74,86.6,88.7,,,,,
N327NM,U.S.A.,C510,4,3921,80,73.9,86,85,,,,,
N178SF,U.S.A.,C510,4,,69.0 ,62.2,75.7,74.8,,,,,
N194SS,U.S.A.,C525,8,,84.0 ,76.7,89.5,92.8,,,,,
N862MT,U.S.A.,C525,5,,81.0 ,73.2,88.5,85.9,,,,,
JA525M,Japan,C525,5,4853,81,73.2,88.5,85.9,,,,,
HI955,Dominican Republic,C56X,10,9071,83,72.7,92.8,86.3,,,,,
N25TG,U.S.A.,C650,10,9752,90,84.6,93.8,92.9,,,,,
N651BP,U.S.A.,C650,10,9752,90,84.6,93.8,92.9,,,,,
N175J,U.S.A.,C650,10,9979,87,80.1,93.8,93.8,,,,,
N990H,U.S.A.,C680,14,,82.0 ,71.8,91.3,87.5,,,,,
HI985,Dominican Republic,C680,14,13744,82,71.8,91.3,87.5,,,,,
N45AY,U.S.A.,C680,14,13959,80,71.9,87.9,87.8,https://insyght.universalweather.com/UWA/fbo1#/classic/Order.aspx?Orderid=4b3ffad3-b68a-440c-99c6-5671b9ea8fa9,Departure: 6/22,,,
N777DY,U.S.A.,C680,14,,72.0 ,63.5,80,77.5,,,,,
N578AB,U.S.A.,C680 ,14,13959,80,71.9,87.9,87.8,,,,,
N510CX,U.S.A.,C750,17,16601,81,72.4,89.3,87.7,,CAPPS NO DATA; RQSTing/by foxtrotteam/MTOW確認中,,,
N985FM,U.S.A.,CL30,18,,83.0 ,75.3 ,89.6,87.6,,,,,
B8115,CHINA,CL30,18,,83.0 ,75.5 ,89.6,87.6,,,,,
B8116,CHINA,CL30,18,,83.0 ,75.5 ,89.6,87.6,,,,,
B8233,CHINA,CL30,18,,83.0 ,75.5 ,89.6,87.6,,,,,
N939SG,U.S.A.,CL30,18,,83.0 ,75.5 ,89.6,87.6,,,,,
OEHCZ,AUSTRIA,CL30,18,,83.0 ,75.5 ,89.6,87.6,,,,,
N1901W,U.S.A.,CL30,18,17622,83,75.5,89.6,87.6,,,,,
CGSUN,CANADA,CL30,18,17622,83,75.5,89.6,87.6,,,,,
N528YT,U.S.A.,CL30,18,17622,83,75.5,89.6,87.6,,,,,
N59978,U.S.A.,CL30,19,18416,83,75.7,89.5,89.1,,Data obtained from CAPPS on 03FEB17,,,
9HVCG,MALTA,CL30,19,,83.0 ,76.0 ,89.5,89.1,,,,,
9HVCH,MALTA,CL30,19,,83.0 ,76.0 ,89.5,89.1,,,,,
N353VJ,U.S.A.,CL30,19,,83.0 ,76.0 ,89.5,89.1,,,,,
9HVCM,MALTA,CL30,19,18416,83,76,89.5,89.1,,,,,
N351VJ,U.S.A.,CL30,19,18416,83,76,89.5,89.1,,,,,
9HVCD,MALTA,CL30,19,18416,83,76,89.5,89.1,,,,,
N5161,U.S.A.,CL30 ,19,18416,83,76,89.5,89.1,,,,,
9HVFA,MALTA,CL60,22,21863,87,81.2,91.3,84.6,,,,,
9HVFD,MALTA,CL60,22,21863,87,81.2 ,91.3,84.6,,"Data obtained on 05JAN,2017",,,
9HVFE,MALTA,CL60,22,,87.0 ,81.2,91.3,84.6,,,,,
9HVFH,MALTA,CL60,22,21863,87,81.2 ,91.3,84.6,,"Data obtained on 08JAN,2017",,,
9HVFI,MALTA,CL60,22,,87.0 ,81.2,91.3,84.6,,,,,
9HVFJ,MALTA,CL60,22,21863,87,81.2,91.3,84.6,,,,,
GRNFR,UNITED KINGDOM,CL60,22,21863,87.0 ,81.2,91.3,84.6,,Departure: Sep/13,,,
GRNJP,UNITED KINGDOM,CL60,22,,87.0 ,81.2,91.3,84.6,,,,,
IDBLR,ITALY,CL60,22,21863,87,81.2,91.3,84.6,,CAPPS DATA OBTAINED,,,
N605VV,U.S.A.,CL60,22,21863,87,81.2,91.3,84.6,,,,,
DAFAA,GERMANY,CL60,22,21863,87,81.2,91.3,84.6,,,,,
9HOJJ,MALTA,CL60,22,21863,87,81.2,91.3,84.6,,,,,
N1088,U.S.A.,CL60,22,21863,87,81.2,91.3,84.6,,,,,
9HVFB,MALTA,CL60,22,21863,87,81.2,91.3,84.6,,,,,
N126SZ,U.S.A.,CL60,22,21863,87,81.2,91.3,84.6,,,,,
CGCHG,CANADA,GLEX,46,45132,87,83.2,89.7,87.9,,,,,
MCLHL,ISLE OF MAN,CL60,22,21863,87,81.2,91.3,84.6,,,,,
CGKGN,CANADA,CL60,22,21591,86,80.9,90.3,86.2,,Data obtained on 03FEB17 from CAPPS,,,
9HVFG,MALTA,CL60,22,,86.0 ,81.2,90.3,86.2,,,,,
B3028,CHINA,CL60,22,21863,86,81.2,90.3,86.2,,data obtained on 15FEB17,,,
B3561,CHINA,CL60,22,,86.0 ,81.2,90.3,86.2,,,,,
B3566,CHINA,CL60,22,,86.0 ,81.2,90.3,86.2,,,,,
B7766,CHINA,CL60,22,21863,86,81.2 ,90.3,86.2,,,,,
B7768,CHINA,CL60,22,,86.0 ,81.2,90.3,86.2,,,,,
CFBEM,CANADA,CL60,22,.,86.0 ,81.2,90.3,86.2,,,,,
EZB002,TURKMENISTAN,CL60,22,,86.0 ,81.2,90.3,,,緒元なし/RJAAに来たら緒元リクエスト必要,,,
MAAAA,ISLE OF MAN,CL60,22,,86.0 ,81.2,90.3,86.2,,,,,
MAAES,ISLE OF MAN,CL60,22,,86.0 ,81.2,90.3,,,緒元なし/RJAAに来たら緒元リクエスト必要,,,
MAMRT,ISLE OF MAN,CL60,22,,86.0 ,81.2,90.3,86.2,,,,,
MBASH,ISLE OF MAN,CL60,22,,86.0 ,81.2,90.3,86.2,,,,,
N134WM,U.S.A.,CL60,18,,86.0 ,81.2,90.3,86.2,,,,,
N15VC,U.S.A.,CL60,22,21863,86.0 ,81.2,90.3,86.2,,,,,
N604AK,U.S.A.,CL60,22,,86.0 ,81.2,90.3,86.2,,,,,
N605CL,U.S.A.,CL60,22,21863,86.0 ,81.2,90.3,86.2,,data obtained from tag aviation on 03APR17,,,
N605HC,U.S.A.,CL60,22,,86.0 ,81.2,90.3,86.2,,,,,
N775RP,U.S.A.,CL60,22,21863,86.0 ,81.2,90.3,86.2,,,,,
N818AC,U.S.A.,CL60,22,,86.0 ,81.2,90.3,87.9,,,,,
N880HK,U.S.A.,CL60,22,,86.0 ,81.2,90.3,86.2,,,,,
VPCCE,CAYMAN ISLAND,CL60,22,21863,86.0 ,81.2,90.3,86.2,,,,,
DAONE ,GERMANY,CL60,22,21863,86,81.2,90.3,86.2,,,,,
N732PA,U.S.A.,CL60,22,21863,86,81.2,90.3,86.2,,,,,
CGZKL,CANADA,CL60,22,21863,86,81.2,90.3,86.2,,,,,
N605PS,U.S.A.,CL60,22,21863,86,81.2,90.3,86.2,,,,,
B7763,CHINA,CL60,22,21863,86,81.2,90.3,86.2,,,,,
B7769,CHINA,CL60,22,21863,86,81.2,90.3,86.2,,,,,
B7796,CHINA,CL60,22,21863,86,81.2,90.3,86.2,,,,,
T7ROK,SAN MARINO,CL60,22,21863,86,81.2,90.3,86.2,,,,,
B7696,CHINA,CL60,22,,86.0 ,81.3,90.3,86.2,,,,,
B3295,CHINA,CL60,25,24300,85.0 ,78,91.7,86.9,,,,,
N117AA,U.S.A.,CL60,21,20230,85,79.4,89.4,85.7,,,,,
VHURR,AUSTRALIA,CL60 ,22,21863,87,81.2,91.3,84.6,,,,,
XATZF,MEXICO,CL60 ,22,21863,86,81.2,90.3,86.2,,,,,
9HILV,MALTA,CRJ2,24,23995,86,78.7,92.1,82.4,,Vistajet limited,,,
9HILZ,MALTA,CRJ2,24,,86.0 ,78.7,92.1,82.4,,,,,
B3013,CHINA,CRJ2,25,,86.0 ,78.7,92.1,82.4,,,,,
B7695,CHINA,CRJ2,24,,86.0 ,78.7,92.1,82.4,,,,,
B7767,CHINA,CRJ2,24,,86.0 ,78.7,92.1,82.4,,,,,
OEILV,AUSTRIA,CRJ2,24,,86.0 ,78.7,92.1,82.4,,,,,
OEILY,AUSTRIA,CRJ2,24,,86.0 ,78.7,92.1,,,緒元なし/RJAAに来たら緒元リクエスト必要,,,
9HILY,MALTA,CRJ2,24,23995,86,78.7,92.1,82.4,,,,,
B7697,CHINA,CRJ2,24,23995,86,78.7,92.1,82.4,,,,,
B3078,CHINA,CRJ2,24,23995,86,78.7,92.1,82.4,,,,,
B7797,CHINA,CRJ2,24,23995,86,78.7,92.1,82.4,,,,,
9HILI,MALTA,CRJ2,24,23995,86,78.7,92.1,82.4,,,,,
N296TX,U.S.A.,CRJ2,25,,86.0 ,78.8,92.1,82.4,,,,,
N888AU,U.S.A.,CRJ2,25,,86.0 ,78.8,92.1,82.4,,,,,
N3333Q,U.S.A.,CRJ2,25,24040,86,78.8,92.1,82.4,,,,,
B3370,CHINA,CRJ2,25,24040,85,77.7,92.1,82.5,,,,,
B3007,CHINA,CRJ2,22,21523,84,75.7,92.3,82.7,,,,,
HL8203,REP OF KOREA,CRJ2 ,25,24041,86,78.8,92.1,82.4,,,,,
CGZUJ,CANADA,CRJ7 ,33,32999,88,82,92.6,89.6,,DATA OBTAINED,,,
DCADE,GERMANY,D228,7,6400,#VALUE!,PROP,PROP,PROP,,PROP機,,,
DCAUF,GERMANY,D228,7,6400,-,-,-,-,,JCABはPROP気なのでNOISEが不要である。INSYGHT上更新済,,,
N403JL,U.S.A.,DA62,3,2300,#VALUE!,PROP,PROP,PROP,,,,,
N330AU,U.S.A.,DC10,257,256280,102,97.1,106,97.4,,,,,
CFRYV,CANADA,DH8D,30,29256,#VALUE!,NOISE 不要,,,,PROP機,,,
CFTLW,CANADA,DH8D,30,29257,#VALUE!,NOISE 不要,,,,data obtained on 14MAR17,,,
CFVWG,CANADA,DH8D,30,29257,#VALUE!,NOISE 不要,,,,PROP機,,,
CFWBN,CANADA,DH8D,30,29257,#VALUE!,NOISE 不要,,,,PROP機,,,
CFKIY,CANADA,DH8D,30,,PRPO機,,,,,,,,
CFMEZ,CANADA,DH8D,30,,PRPO機,,,,,,,,
CFVDC,CANADA,DH8D ,30,29257,PRPO機,78.3,94.8,84,,,,,
CFUHM,CANADA,DH8D ,30,29257,PRPO機,-,-,-,,,,,
N106EC,U.S.A.,E135,23,,86.0 ,79.7 ,91.3,86.8,,,,,
N888ML,U.S.A.,E135,23,,86.0 ,79.7 ,91.3,86.8,,,,,
HSDID,THAILAND,E135,23,22500,86,79.7,91.3,86.8,,,,,
B99999,REPUBLIC OF CHINA,E135,23,22500,86,79.7,91.3,86.8,,,,,
N974EC,U.S.A.,E135,23,,86.0 ,80.6 ,91.3,86.8,,,,,
B3097,CHINA,E135,25,24300,85,78,91.7,86.9,,"Obtained on 16FEB17,要更新",,,
B3098,CHINA,E135,25,,85.0 ,78.0 ,91.7,86.9,,,,,
B3099,CHINA,E135,25,24300,85,78.0 ,91.7,86.9,,MTOW　certificate requsting from Huston/INSYGHT 更新済,,,
B3280,CHINA,E135,25,,85.0 ,78.0 ,91.7,86.9,,,,,
B3281,CHINA,E135,0,,85,78.0 ,91.7,86.9,,"Data obtained on 11JAN,2017",,,
B3282,CHINA,E135,25,,85.0 ,78.0 ,91.7,86.9,,,,,
B3296,CHINA,E135,25,,85.0 ,78.0 ,91.7,86.9,,,,,
B3799,CHINA,E135,25,,85.0 ,78.0 ,91.7,86.9,,,,,
MJCCA,ISLE OF MAN,E135,25,,85.0 ,78.0 ,91.7,86.9,,,,,
N671EE,U.S.A.,E135,25,,85.0 ,78.0 ,91.7,86.9,,,,,
N766MS,U.S.A.,E135,25,24300,85,78,91.7,86.9,,CAPPS DATA OBTAINED,,,
N798MS,U.S.A.,E135,25,24370,85,78,91.7,86.9,,,,,
MRCCH,ISLE OF MAN,E135,25,24300,85,78,91.7,86.9,,,,,
T7IFS,SAN MARINO,E135,25,24300,85,78,91.7,86.9,,,,,
N809HK,U.S.A.,E145,20,19990,86,79.2,92.6,85.1,,MTOW updated 24DEC17 based on info from Email (2017/01/23 (月) 13:20) by PANG (MTOW on the Cert. is 19990kgs); Noise updated on 31DEC17,,,
FAB2590,BRAZIL,E190,52,,90.0 ,86.1,92.8,93.1,,DIP先遣隊　通常は、PP/PR/PT,,,
N588AH,U.S.A.,E190,55,,90.0 ,86.4,92.5,92.7,,,,,
N666GL,U.S.A.,E190,55,54500,90,86.4,92.5,92.7,,,,,
N889ML,U.S.A.,E190,55,54500,90.0 ,86.4,92.5,92.7,,,,,
N966MS,U.S.A.,E190,55,54499,90,86.4,92.5,92.7,,data obtained from HK BELLAWINGS on14JUN17,,,
B3220,CHINA,E190,55,54500,90,86.4,92.5,92.7,,,,,
B3203,CHINA,E190,55,54500,90,86.4,92.5,92.7,,,,,
PRZGQ,BRAZIL,E190,57,56400,85,77.3,91.4,86.6,,,,,
PRZIQ,BRAZIL,E295,62,61500,86,79.2,91.7,86.4,https://insyght.universalweather.com/UWA/fbo1#/classic/Order.aspx?Orderid=4902d35d-87d9-4f9b-9367-9fe3b63871ca,Departure: 7/17,,,
B3293,CHINA,E35L,25,24300,85,78.0 ,91.7,86.9,,,,,
N866MS,U.S.A.,E35L,25,24300,85,78.0 ,91.7,86.9,,"Data obtained on 10JAN,2017; MTOW confirmed by Phone with SINO JET on 25DEC17",,,
N188MR,U.S.A.,E50P,5,4750,79,70.8,86.1,81.4,,,,,
N712EA,U.S.A.,E550,18,17400,82,73.1 ,89.9,85.5,,updated on 24JAN17,,,
N553EE,U.S.A.,E550,18,17400,82,73.1,89.9,85.5,,,,,
N212SK,U.S.A.,EVOT,3,2068,77,76.9,76.9,79.3,,,,,
BMAZ,MACAU,F2TH,20,19200,86,79.8,91.0 ,91.7 ,,,,,
N10EU,U.S.A.,F2TH,20,,86.0 ,80.7 ,91.0 ,91.7 ,,,,,
RPC9215,PHILIPPINES,F2TH,20,,86.0 ,80.7 ,91.0 ,91.7 ,,,,,
B3211,CHINA,F2TH,20,19142,86,80.7,91,91.7,,,,,
VQBIJ,BERMUDA,F2TH,20,19142,86,80.7 ,91.0 ,91.7 ,,,,,
FHCRK,FRANCE,F2TH,20,,85.0 ,78.0 ,90.5 ,92.0 ,,,,,
FHALG,FRANCE,F2TH,20,19414,85,79.3,90.5,92,,Data obtained from CAPPS on 03FEB17,,,
FHFDP,FRANCE,F2TH,20,19414,85,79.3,90.5,92,,,,,
N342FJ,U.S.A.,F2TH,20,19414,85,79.5,90.5,90.7,,,,,
B1999,CHINA,F2TH,20,,84.0 ,76.1 ,90.8 ,91.6 ,,,,,
HSRBR,THAILAND,F2TH,20,,84.0 ,76.1 ,90.8 ,91.6 ,,,,,
N801DE,U.S.A.,F2TH,20,,84.0 ,76.1 ,90.8 ,91.6 ,,,,,
9HHAM,MALTA,F2TH,20,19414,84,76.1,90.8,91.6,,,,,
HSKPA,THAILAND,F2TH,20,,84.0 ,76.4 ,90.5 ,91.7 ,,,,,
N100JS,U.S.A.,F2TH,20,19414,84.0 ,76.4 ,90.5 ,91.7 ,,,,,
N541Z,U.S.A.,F2TH,20,19414,84,76.4,90.5,91.7,,,,,
ZKOCB,NEW ZEALAND,F2TH,20,19414,84,76.1,90.8,91.6,,,,,
N612HT ,U.S.A.,F2TH ,20,19142,86,80.7,91,91.7,,,,,
N107RG ,U.S.A.,F2TH ,20,19414,84,76.1,90.8,91.6,,,,,
B8212,CHINA,F900,23,,87.0 ,79.8,92.3,90.5,,,,,
MODKZ,ISLE OF MAN,F900,22,21908,87.0 ,79.8,92.3,90.5,,,,,
N420PD,U.S.A.,F900,23,,87.0 ,79.8,92.3,90.5,,,,,
N47EG,U.S.A.,F900,23,,87.0 ,79.8,92.3,90.5,,,,,
N587DZ,U.S.A.,F900,23,22226,87,79.8,92.3,90.5,,Data obtained from CAPPS on 03FEB17,,,
N5MV,U.S.A.,F900,23,,87.0 ,79.8,92.3,90.5,,,,,
N63XF,U.S.A.,F900,23,,87.0 ,79.8,92.3,90.5,,,,,
N685DC,U.S.A.,F900,23,,87.0 ,79.8,92.3,90.5,,,,,
N70LF,U.S.A.,F900,23,22226,87,79.8,92.3,90.5,,CAPPS DATA OBTAINED,,,
N7600P,U.S.A.,F900,23,,87.0 ,79.8,92.3,90.3,,,,,
N80Q,U.S.A.,F900,23,,87.0 ,79.8,92.3,90.5,,,,,
N88ND,U.S.A.,F900,23,,87.0 ,79.8,92.3,90.5,,,,,
N988H,U.S.A.,F900,23,,87.0 ,79.8,92.3,90.5,,,,,
N990FL,U.S.A.,F900,23,22226,87,79.8 ,92.3,90.5,,,,,
N99FG,U.S.A.,F900,23,,87.0 ,79.8,92.3,90.5,,,,,
P2ANW,PAPUA NEW GUINEA,F900,23,,87.0 ,79.8,92.3,90.5,,,,,
N191AE,U.S.A.,F900,23,22226,87,79.8,92.3,90.5,,,,,
N876C,U.S.A.,F900,23,22226,87,79.8,92.3,90.5,,,,,
N312PV,U.S.A.,F900,23,22226,87,79.8,92.3,90.5,,,,,
OEIMI,AUSTRIA,F900,23,22226,87,79.8,92.3,90.5,,,,,
VTSBK,INDIA,F900,23,22226,87,79.8,92.3,90.5,,,,,
N7KM,U.S.A.,F900,23,22226,87,79.8,92.3,90.5,,,,,
N600JM,U.S.A.,F900,23,22226,87,79.8,92.3,90.5,,,,,
N577QT,U.S.A.,F900,23,22226,87,79.8,92.3,90.5,,,,,
ECJBB,SPAIN,F900,22,,87.0 ,80.7,91.7,91.2,,,,,
N18MZ,U.S.A.,F900,21,,87.0 ,80.7,91.7,91.2,,,,,
VHPPD,AUSTRALIA,F900,22,,87.0 ,80.7,91.7,91.2,,,,,
N215EF,U.S.A.,F900,23,22226,86,78.2,92.1,90.3,,"DATA OBTAINED ON 03APR17, MTOW 要確認",,,
N73PS,U.S.A.,F900,23,22226,86,78.2,92.1,90.3,,,,,
N95BD,U.S.A.,F900,23,,86.0 ,78.2,92.1,90.3,,,,,
N993AM,U.S.A.,F900,23,22226,86,78.2 ,92.1,90.3,,,,,
VPBFM,BERMUDA,F900,23,,86.0 ,78.2,92.1,90.3,,,,,
N234SA,U.S.A.,F900,23,22226,86,78.2,92.1,90.3,,,,,
MLANG,ISLE OF MAN,F900,23,22226,86,78.2,92.1,90.3,,,,,
N70FK,U.S.A.,F900,23,22226,86,78.2,92.1,90.3,,,,,
N620X,U.S.A.,F900,23,22226,86,78.2,92.1,90.3,,,,,
MTFFS,ISLE OF MAN,F900,23,22226,86,78.2,92.1,90.3,,,,,
N910JW,U.S.A.,F900,22,,86.0 ,79.8,91.7,91.2,,,,,
N922JW,U.S.A.,F900,22,,86.0 ,79.8,91.7,91.2,,,,,
N1L,U.S.A.,F900,21,20639,86,79.8,91.7,91.2,,,,,
N878SL,U.S.A.,F900 ,23,22226,87,79.8,92.3,90.5,,,,,
VHPNY,AUSTRALIA,FA20,14,13755,86,81.7,90.3,72.1,,,,,
N191CP,U.S.A.,FA50,19,,#VALUE!,-,-,-,,PROP機,,,
N26WP,U.S.A.,FA50,19,,#VALUE!,-,-,-,,PROP機,,,
N260ER,U.S.A.,FA50,19,,91.0 ,84.8,97.1,91.5,,,,,
N921EW,U.S.A.,FA50,19,,91.0 ,84.8,97.1,91.5,,,,,
VHFJQ,AUSTRALIA,FA50,19,18497,91,84.8,97.1,91.5,,,,,
N701P,U.S.A.,FA50,19,18500,88,79.9,95.2,92.3,,,,,
VHFOL,AUSTRALIA,FA50 ,19,18497,91,84.8,97.1,91.5,,,,,
J2HPV,DJIBOUTI,FA7X,32,31751,88,81.9,92.6,90.1,,,,,
B8028,CHINA,FA7X,32,,88.0 ,82.3,92.6,90.1,,,,,
B8202,CHINA,FA7X,32,,88.0 ,82.3,92.6,90.1,,,,,
B8216,CHINA,FA7X,32,,88.0 ,82.3,92.6,90.1,,,,,
B8218,CHINA,FA7X,32,,88.0 ,82.3,92.6,90.1,,,,,
CFMHL,CANADA,FA7X,32,31751,88,82.3,92.6,90.1,,MARK ANTHONY ,,,
CSTLY,CANADA,FA7X,32,,88.0 ,82.3,92.6,90.1,,,,,
GSVNX,UNITED KINGDOM,FA7X,32,31751,88,82.3 ,92.6,90.1,,,,,
IFFRR,ITALY,FA7X,32,31751,88.0 ,82.3,92.6,90.1,,,,,
MDTBP,ISLE OF MAN,FA7X,32,31751,88.0 ,82.3,92.6,90.1,,,,,
MINER,ISLE OF MAN,FA7X,32,,88.0 ,82.3,92.6,90.1,,,,,
N163FJ,U.S.A.,FA7X,32,,88.0 ,82.3,92.6,90.1,,,,,
N269BK,U.S.A.,FA7X,32,,88.0 ,82.3,92.6,90.1,,,,,
N37TY,U.S.A.,FA7X,32,31761,88.0 ,82.3,92.6,90.1,,,,,
N487C,U.S.A.,FA7X,32,31751,88,82.3,92.6,90.1,,"data obtained from Cavok team on 29MAR, MTOW shares the same certificate with N787AD, PDF緒元更新済",,,
N606TJ,U.S.A.,FA7X,32,31751,88.0 ,82.3,92.6,90.1,,,,,
N715FJ,U.S.A.,FA7X,32,,88.0 ,82.3,92.6,90.1,,,,,
N787AD,U.S.A.,FA7X,32,,88.0 ,82.3,92.6,90.1,,,,,
N82RP,U.S.A.,FA7X,32,,88.0 ,82.3,92.6,90.1,,,,,
N966H,U.S.A.,FA7X,32,,88.0 ,82.3,92.6,90.1,,,,,
PPDBS,BRAZIL,FA7X,32,,88.0 ,82.3,92.6,,,緒元なし/RJAAに来たら緒元リクエスト必要,,,
TCOIL,REP OF TURKEY,FA7X,32,,88.0 ,82.3,92.6,90.1,,,,,
VHCRW,AUSTRALIA,FA7X,32,,88.0 ,82.3,92.6,90.1,,,,,
VPCJS,CAYMAN ISLAND,FA7X,32,,88.0 ,82.3,92.6,90.1,,,,,
VQBVS,BERMUDA,FA7X,32,31751,88,82.3,92.6,90.1,,,,,
B8823,CHINA,FA7X,32,31751,88,82.3,92.6,90.1,,,,,
VPCTG,CAYMAN ISLAND,FA7X,32,31751,88,82.3,92.6,90.1,,,,,
VPBAS,BERMUDA,FA7X,32,31751,88,82.3,92.6,90.1,,,,,
OOLMG,BELGIUM,FA7X,32,31751,88,82.3,92.6,90.1,,,,,
N716CG,U.S.A.,FA7X,32,31751,88,82.3,92.6,90.1,,,,,
MZJBT,ISLE OF MAN,FA7X,32,31751,88,82.3,92.6,90.1,,,,,
N900NB,U.S.A.,FA7X,32,31751,88,82.3,92.6,90.1,,,,,
N777SJ,U.S.A.,FA7X,32,31751,88,82.3,92.6,90.1,,,,,
B8211,CHINA,FA7X,32,31751,88,82.3,92.6,90.1,,,,,
N19NE,U.S.A.,FA7X,32,31751,88,82.3,92.6,90.1,,,,,
N621MM,U.S.A.,FA7X,32,31751,88,82.3,92.6,90.1,,,,,
N919NE,U.S.A.,FA7X,32,31751,88,82.3,92.6,90.1,,,,,
B8205,CHINA,FA7X,32,31751,88,82.3,92.6,90.1,,,,,
N622YM,U.S.A.,FA7X,32,31751,88,82.3,92.6,90.1,,,,,
OELRR,AUSTRIA,FA7X,32,31751,88,82.3,92.6,90.1,,,,,
B8029,CHINA,FA7X,32,31751,88,82.3,92.6,90.1,,,,,
N656FN,U.S.A.,FA7X,32,31751,88,82.3,92.6,90.1,,,,,
B3270,CHINA,FA7X,32,31751,88,82.3,92.6,90.1,,,,,
B3333,CHINA,FA7X,32,31750,88,82.3,92.6,90.1,,,,,
OYFFI,DENMARK,FA7X,32,31751,88,82.3,92.6,90.1,,,,,
MGGBL,ISLE OF MAN,FA7X,32,31751,88,82.3,92.6,90.1,,,,,
OEIPW,AUSTRIA,FA7X,32,31751,88,82.3,92.6,90.1,,,,,
B8203,CHINA,FA7X,32,31751,88,82.3,92.6,90.1,,,,,
N666ZL,U.S.A.,FA7X,32,31751,88,82.3,92.6,90.1,https://insyght.universalweather.com/UWA/fbo1#/classic/AircraftRegistration.aspx?AircraftRegistrationid=8fa6b335-b4fe-4f34-9146-33edfd46fdec&tab=ordersView,Departure: 6/13,asking,,
B8215,CHINA,FA7X,32,31751,88,82.3,92.6,90.1,,,,,
FHECD,FRANCE,FA7X,32,31751,88,82.3,92.6,90.1,,,,,
VPCCI,CAYMAN ISLAND,FA7X,32,31751,88,82.3,92.6,90.1,,,,,
TCSZA,REP OF TURKEY,FA7X,32,,87.0 ,82.3,90.1,,,緒元なし/RJAAに来たら緒元リクエスト必要,,,
FHVIP,FRANCE,FA7X,34,33112,86,80.1,90.6,88.7,,"EOC team said its type was FA8X. However, as we don't have any noise certificate showing that its type is FA8X, for now we pick FA7X over FA8X for its type. (Cheung 1/24)",,,
VPCHY,CAYMAN ISLAND,FA7X,34,33112,86,80.1,90.6,88.7,,,,,
N817X ,U.S.A.,FA7X ,32,31752,0,,,,,,,,
N8X,U.S.A.,FA8X,34,33112,87,81.5,90.6,88.9,,,,,
N444FJ,U.S.A.,FA8X,34,33112,87,81.5,90.6,88.9,,,,,
VQBFD,BERMUDA,FA8X,34,33112,87,81.5,90.6,88.9,,,,,
FGCDP,FRANCE,FA8X,34,33112,86,80.1,90.6,88.7,,,,,
N9527E,U.S.A.,FA8X,34,33112,86,80.1,90.6,88.7,,,,,
N989JW,U.S.A.,FA8X,34,33112,86,80.1,90.6,88.7,,,,,
N88FJ,U.S.A.,FA8X ,34,33112,87,81.5,90.6,88.9,,,,,
N150GD,U.S.A.,G150,12,,87.0 ,80.7,91.9,91.2,,,,,
N915GA,U.S.A.,G150,12,,87.0 ,80.7,91.9,91.2,,,,,
HSKPG,THAILAND,G280,18,17962,83,75.2,90.5,89.5,,,,,
N280GD,U.S.A.,G280,18,,83.0 ,75.2,90.5,89.5,,,,,
N280GU,U.S.A.,G280,18,17962,83,75.2,90.5,89.5,,data obtained on 15FEB17,,,
N280SD,U.S.A.,G280,18,,83.0 ,75.2,90.5,89.5,,,,,
N308KB,U.S.A.,G280,18,,83.0 ,75.2,90.5,89.5,,,,,
N806JK,U.S.A.,G280,18,,83.0 ,75.2,90.5,89.5,,,,,
B3272,CHINA,G280,18,17962,83,75.2,90.5,89.5,,,,,
N500AF,U.S.A.,G280,18,17962,83,75.2,90.5,89.5,,,,,
N280GL,U.S.A.,G280,18,17962,83,75.2,90.5,89.5,,,,,
N280EX,U.S.A.,G280,18,17962,83,75.2,90.5,89.5,,,,,
B8303,CHINA,G280,18,17962,83,75.2,90.5,89.5,,,,,
N280GF,U.S.A.,G280,18,17962,83,75.2,90.5,89.5,,,,,
B8308,CHINA,G450,34,33838,85,75.8 ,92.3,89.5,,"Data obtained on 11JAN,2017",,,
N7777N,U.S.A.,G450,34,33838,85,75.8,92.3,89.5,,,,,
B8263,CHINA,G450,34,33838,85,75.8,92.3,89.5,,,,,
N289MH,U.S.A.,G450,34,,85.0 ,76.2,92.3,89.5,,,,,
N865R,U.S.A.,G450,34,33521,85,76.2 ,92.3,89.5,,"Data obtained on 13JAN,2017",,,
N555LK,U.S.A.,G4SP,34,33838,87,79,93.3,87.6,,,,,
BHHI,HONG KONG,G550,42,,86,79.3,90.8,90.2,,,,,
BHVP,HONG KONG,G550,42,41277,86,79.3,90.8,90.2,,HK BELLAWINGS JET LIMITED,,,
N550RP,U.S.A.,G550,42,41277,86,79.3,90.8,90.2,,CAPPS DATA OBTAINED,,,
N551TG,U.S.A.,G550,42,41277,86,79.3,90.8,90.2,,CAPPS DATA OBTAINED,,,
N813QS,U.S.A.,G550,42,41277,86,79.3,90.8,90.2,,Data obtained from CAPPS on 03FEB17,,,
N888XS,U.S.A.,G550,42,41277,86,79.3,90.8,90.2,,by METROJET LIMITED,,,
N906FS,U.S.A.,G550,42,41227,86,79.3,90.8,90.2,,obtained on 7FEB17 from sino jet,,,
N888HK,U.S.A.,G550,42,41277,86,79.3,90.8,90.2,,,,,
N97FT,U.S.A.,G550,42,41227,86,79.3,90.8,90.2,,,,,
N313AG,U.S.A.,G550,42,41277,86,79.3,90.8,No data,,,,,
VPCPY,CAYMAN ISLAND,G550,#REF!,#REF!,86,79.3,90.8,90.2,,,,,
N517TW,U.S.A.,G550,42,41277,86,79.3,90.8,90.2,https://insyght.universalweather.com/UWA/fbo1#/classic/Order.aspx?Orderid=fa956344-321f-4577-91ed-182620925648,Departure: 6/18,,,
B3275,CHINA,G550,42,41277,86,79.3,90.8,90.2,,,,,
N308KG,U.S.A.,G550,42,41277,86,79.3,90.8,90.2,,,,,
N626JE,U.S.A.,G550,42,41050,86,80.3,90.8,89.1,,,,,
B8275,CHINA,G550,42,41227,86,90.8 ,79.3,90.2,,"Data obtained on 05JAN,2017",,,
N318LS,U.S.A.,G650,47,46992,84,78.7,88.3,89.6,,Data obtained from tag aviation on 24FEB17,,,
VPCMM,CAYMAN ISLAND,G650,47,46992,84,78.7,88.3,89.6,,data obtained on 16FEB17 FROM CAPPS,,,
VPCYZ,CAYMAN ISLAND,G650,47,46992,84,78.7,88.3,89.6,,Data obtained from TAG Aviation Japan on 3FEB17,,,
N868KE,U.S.A.,G650,47,46992,84,78.7,88.3,89.6,,,,,
T7LKT,SAN MARINO,G650,46,45177,84,78.7,88.3,89.6,,,,,
N44KJ,U.S.A.,G650,46,45178,83,77.5 ,88.3,89.8,,"Data obtained on 10JAN,2017",,,
N650TP,U.S.A.,G650,46,45178,83,77.5 ,88.3,89.8,,"Data obtained on 11JAN,2017",,,
N711SW,U.S.A.,G650,46,45178,83,77.5 ,88.3,89.8,,"Data obtained on 11JAN,2017",,,
N871FR,U.S.A.,G650,46,45178,83,77.5,88.3,89.8,,,,,
VPCZZ,CAYMAN ISLAND,G650,46,45178,83,77.5,88.3,89.8,,,,,
N678GA,U.S.A.,G650,46,45177,83,77.5 ,88.3,89.8,,,,,
N516PL,U.S.A.,G650,46,45178,83,77.5,88.3,89.8,,,,,
B3325,CHINA,G650,46,45177,83,77.5,88.3,89.8,,,,,
N505GD,U.S.A.,GA5C,37,36106,#VALUE!,RQST,RQST,RQST,,,,,
N507GD,U.S.A.,GA5C,37,36106,84,75.5,91,87.4,,,,,
N600G,RQST,GA6C,43,42910,#VALUE!,RQST,RQST,RQST,https://insyght.universalweather.com/UWA/Order.aspx?Orderid=96f4f380-95ec-4854-9461-52421b1203ee#96f4f380-95ec-4854-9461-52421b1203ee,"Noise certificate hasn't issued yet (4/18, 2018). Fill out the value of 83 for now and update it when true value is worked out.",,,
T7OIL,SAN MARINO,GALX,#VALUE!,No need,#VALUE!,RQST,RQST,RQST,,,,,
N688AJ,U.S.A.,GALX,17,,88.0 ,81.4,92.7,85.8,,,,,
VPCDL,CAYMAN ISLAND,GALX,17,16171,88,81.4,92.7,85.8,,,,,
N383AZ,U.S.A.,GALX,17,16080,88,81.4,92.7,85.8,,,,,
B8081,CHINA,GALX,17,,88.0 ,81.7,92.7,85.8,,,,,
B8139,CHINA,GALX,17,,88.0 ,81.7,92.7,85.8,,,,,
N200BH,U.S.A.,GALX,17,,88.0 ,81.7,92.7,85.8,,,,,
N200KN,U.S.A.,GALX,17,,88.0 ,81.7,92.7,85.8,,,,,
HSLEE,THAILAND,GALX,17,16080,88,81.7,92.7,85.8,,,,,
N116FE,U.S.A.,GALX,17,16080,88,81.7,92.7,85.8,,,,,
B23068,CHINA,GALX,17,,88.0 ,82.1,92.7,85.8,,,,,
B8159,CHINA,GALX,16,,87.0 ,81.4,90.9,85.8,,,,,
N168RR,U.S.A.,GALX,17,,87.0 ,81.7 ,90.8 ,85.8,,,,,
RPC280 ,BRAZIL,GALX ,17,16080,88,81.7,92.7,85.8,,,,,
VPCPU,CAYMAN ISLAND,GL5T,42,41277,86,79.3,90.8,90.2,,,,,
N720WS,U.S.A.,GL5T,41,,86,80.4 ,89.7,89,,,,,
N989RJ,U.S.A.,GL5T,41,40687,86,80.4,89.7,89,,,,,
N375WB,U.S.A.,GL5T,41,40687,86,80.4,89.7,89,,,,,
T7BLQ,REPUBLIC OF SAN MARINO,GL5T,42,41957,86,81.2,89.7,88.1,,,,,
9HVTA,MALTA,GL5T,42,,86.0 ,81.3 ,89.7,,,緒元なし/RJAAに来たら緒元リクエスト必要,,,
9HVTB,MALTA,GL5T,42,,86.0 ,81.3 ,89.7,88.9,,,,,
9HVTC,MALTA,GL5T,42,,86,81.3 ,89.7,88.9,,,,,
B7765,CHINA,GL5T,42,,86,81.3 ,89.7,88.9,,,,,
BKEZ,HONG KONG,GL5T,41,,86,81.3 ,89.7,88.9,,,,,
BKMF,HONG KONG,GL5T,42,,86,81.3 ,89.7,88.9,,,,,
BLRW,HONG KONG,GL5T,42,,86,81.3 ,89.7,,,緒元なし/RJAAに来たら緒元リクエスト必要,,,
MDANK,ISLE OF MAN,GL5T,42,,86,81.3 ,89.7,,,緒元なし/RJAAに来たら緒元リクエスト必要,,,
MFINE,ISLE OF MAN,GL5T,42,,86,81.3 ,89.7,88.9,,,,,
MTYRA,ISLE OF MAN,GL5T,42,,86,81.3 ,89.7,,,緒元なし/RJAAに来たら緒元リクエスト必要,,,
N101QS,U.S.A.,GL5T,42,,86,81.3 ,89.7,88.9,,,,,
N103ZZ,U.S.A.,GL5T,42,,86,81.3 ,89.7,88.9,,,,,
N1368M,U.S.A.,GL5T,42,41957,86,81.3 ,89.7,88.9,,,,,
N142HC,U.S.A.,GL5T,42,,86,81.3 ,89.7,88.9,,,,,
N176HS,U.S.A.,GL5T,42,,86,81.3 ,89.7,88.9,,,,,
N188J,U.S.A.,GL5T,42,,86,81.3 ,89.7,88.9,,,,,
N2900D,U.S.A.,GL5T,42,41957,86,81.3 ,89.7,88.9,,,,,
N3338,U.S.A.,GL5T,42,,86,81.3 ,89.7,88.9,,,,,
N3389H,U.S.A.,GL5T,42,41957,86,81.3 ,89.7,88.9,,,,,
N40TE,U.S.A.,GL5T,42,41957,86,81.3,89.7,88.9,,,,,
N445DB,U.S.A.,GL5T,42,41957,86,81.3 ,89.7,88.9,,緒元なし,,,
N468GH,U.S.A.,GL5T,42,,86,81.3 ,89.7,88.9,,,,,
N500QA,U.S.A.,GL5T,42,,86,81.3 ,89.7,88.9,,,,,
N560U,U.S.A.,GL5T,42,,86,81.3 ,89.7,88.3,,,,,
N625SC,U.S.A.,GL5T,42,41957,86,81.3,89.7,88.9,,,,,
N689WM,U.S.A.,GL5T,42,,86,81.3 ,89.7,88.9,,,,,
N83FF,U.S.A.,GL5T,42,41957,86,81.3,89.7,88.9,,CAPPS no data；取り寄せ中,,,
N878HL,U.S.A.,GL5T,42,,86,81.3 ,89.7,88.9,,,,,
N939AP,U.S.A.,GL5T,42,,86,81.3 ,89.7,88.9,,,,,
N939GS,U.S.A.,GL5T,42,,86,81.3 ,89.7,88.9,,,,,
N985EL,U.S.A.,GL5T,42,41957,86,81.3 ,89.7,88.9,,,,,
VPCKM,CAYMAN ISLAND,GL5T,42,,86,81.3 ,89.7,88.9,,,,,
VPCWN,CAYMAN ISLAND,GL5T,42,41957,86,81.3 ,89.7,88.9,,Obtained from Gama Aviation on 02JUN17,,,
VTKJB,INDIA,GL5T,42,41957,86,81.3 ,89.7,88.9,,,,,
N165GF,U.S.A.,GL5T,42,41957,86,81.3 ,89.7,88.9,,"Data obtained on 11JAN,2017",,,
N667BB,U.S.A.,GL5T,42,41957,86,81.3,89.7,88.9,,,,,
N2QE,U.S.A.,GL5T,42,41957,86,81.3 ,89.7,88.9,,,,,
N815PA,U.S.A.,GL5T,42,41957,86,81.3,89.7,88.9,,,,,
N889ST,U.S.A.,GL5T,42,41957,86,81.3,89.7,88.9,,,,,
B602L,CHINA,GL5T,42,41957,86,81.3,89.7,88.9,,,,,
OEINL,AUSTRIA,GL5T,42,41957,86,81.3 ,89.7,88.9,,,,,
9HTOR,MALTA,GL5T,42,41957,86,81.3,89.7,88.9,,,,,
B98888,REPUBLIC OF CHINA,GL5T,42,41957,85,78.6,89.7,88.4,,,,,
LXMLO,LUXEMBOURG,GL5T,40,39780,85,79.9,89.7,89.1,,,,,
BLRH,HONG KONG,GL5T,42,,85,80.1 ,88.2,89.7,,＊数値がCERTと違うので注意！,,,
N215TM,U.S.A.,GL5T,42,41957,85,80.1,89.7,89.1,,DATA OBTAINED FROM FOXTROT TEAM,,,
A6ACE,UNITED ARAB EMIRATES,GL5T,42,41957,83,75.6,89.7,88.9,,,,,
N930EN,U.S.A.,GL5T ,44,43545,87,82.4,89.7,88.8,,data obtained on 15FEB17,,,
N7777U,U.S.A.,GL6T,46,45133,87,82.4,89.7,87.9,,,,,
9HOJP,MALTA,GL6T,46,45132,87,83.5,89.7,88.7,,,,,
N1872,U.S.A.,GL6T,47,46992,84,78.7,88.3,89.6,,,,,
N533LM,U.S.A.,GLEX,46,45132,#VALUE!,No need,No need,No need,,"Order cancelled (Cheung, 10/11)",,,
N915JG,U.S.A.,GLEX,45,44452,#VALUE!,No need,No need,No need,,Order cancelled (Cheung 11/20),,,
HL8230,REP OF KOREA,GLEX,#VALUE!,No need,#VALUE!,RQST,RQST,RQST,,,,,
N9TJ,U.S.A.,GLEX,46,,94,89.0 ,98.9,94.9,,,,,
VHCCD,AUSTRALIA,GLEX,45,,94,89.0 ,98.8,94.9,,,,,
N543GL,U.S.A.,GLEX,46,,92,83.5 ,98.7,,,緒元なし/RJAAに来たら緒元リクエスト必要,,,
BKTL,HONG KONG,GLEX,46,,87,82.4 ,89.7,,,緒元なし/RJAAに来たら緒元リクエスト必要,,,
N497EC,U.S.A.,GLEX,46,45132,87.0 ,82.4 ,89.7,87.9,,,,,
N504R,U.S.A.,GLEX,46,,87,82.4 ,89.7,87.9,,,,,
N526GX,U.S.A.,GLEX,46,,87,82.4 ,89.7,,,緒元なし/RJAAに来たら緒元リクエスト必要,,,
N612FG,U.S.A.,GLEX,46,,87,82.4 ,89.7,87.9,,,,,
N700LS,U.S.A.,GLEX,46,,87,82.4 ,89.7,87.9,,,,,
N797CT,U.S.A.,GLEX,46,,87,82.4 ,89.7,87.9,,,,,
N878SC,U.S.A.,GLEX,46,,87,82.4 ,89.7,87.9,,,,,
N88C,U.S.A.,GLEX,46,45132,87,82.4 ,89.7,87.9,,,,,
N8VB,U.S.A.,GLEX,44,,87,82.4 ,89.7,88.8,,,,,
N9099H,U.S.A.,GLEX,46,,87,82.4 ,89.7,87.9,,,,,
N988ZJ,U.S.A.,GLEX,46,45132,87,82.4,89.7,87.9,,zetta operationから確認済29MAR17,,,
N99ZM,U.S.A.,GLEX,46,,87,82.4 ,89.7,87.9,,,,,
OYLGI,DENMARK,GLEX,46,,87,82.4 ,89.7,,,緒元なし/RJAAに来たら緒元リクエスト必要,,,
VPCAF,CAYMAN ISLAND,GLEX,46,,87,82.4 ,89.7,87.9,,,,,
VPCEW,CAYMAN ISLAND,GLEX,46,,87,82.4 ,89.7,87.9,,,,,
VPCFO,CAYMAN ISLAND,GLEX,46,,87,82.4 ,89.7,87.9,,,,,
VPCJK,CAYMAN ISLAND,GLEX,46,,87,82.4 ,89.7,87.9,,,,,
VPCLY,CAYMAN ISLAND,GLEX,44,,87,82.4 ,89.7,,,緒元なし/RJAAに来たら緒元リクエスト必要,,,
VPCYA,CAYMAN ISLAND,GLEX,46,,87,82.4 ,89.7,87.9,,,,,
VPCZJ,CAYMAN ISLAND,GLEX,46,,87,82.4 ,89.7,87.9,,,,,
VPCZL,CAYMAN ISLAND,GLEX,46,,87,82.4 ,89.7,87.9,,,,,
VTAHI,INDIA ,GLEX,46,45132,87,82.4,89.7,87.9,,by ASM AVIATION,,,
VTSDK,INDIA,GLEX,46,,87,82.4 ,89.7,87.9,,,,,
ZSTDF,South Africa,GLEX,46,45132,87,82.4 ,89.7,87.9,,"Data obtained on 10JAN,2017",,,
VPCCK,CAYMAN ISLAND,GLEX,46,45132,87,82.4 ,89.7,87.9,,,,,
N246ZJ,U.S.A.,GLEX,46,45132,87,82.4,89.7,87.9,,,,,
N12G,U.S.A.,GLEX,46,45132,87,82.4,89.7,87.9,,,,,
B96999,REPUBLIC OF CHINA,GLEX,46,45132,87,82.4,89.7,87.9,,,,,
VPCEJ,CAYMAN ISLAND,GLEX,46,45132,87,82.4,89.7,87.9,,,,,
N666HY,U.S.A.,GLEX,46,45132,87,82.4,89.7,87.9,,,,,
N668JS,U.S.A.,GLEX,46,45132,87,82.4,89.7,87.9,,,,,
N66866,U.S.A.,GLEX,46,45132,87,82.4,89.7,87.9,,,,,
VPBJI,BERMUDA,GLEX,46,45132,87,82.4,89.7,87.9,,,,,
N835GL,U.S.A.,GLEX,46,45132,87,82.4,89.7,87.9,,,,,
N914BA,U.S.A.,GLEX,46,45132,87,82.4,89.7,87.9,,,,,
N125CH,U.S.A.,GLEX,44,,87,82.7 ,89.8,88.6,,,,,
N6VB,U.S.A.,GLEX,44,43544,87,82.7,89.8,88.6,,,,,
9HVJE,MALTA,GLEX,46,,87,83.0 ,89.7,88.7,,,,,
9HVJF,MALTA,GLEX,46,,87,83.0 ,89.7,88.7,,,,,
9HVJG,MALTA,GLEX,46,,87,83.0 ,89.7,88.7,,,,,
9MCJG,MALAYSIA,GLEX,45,,87,83.0 ,89.7,88.7,,,,,
B7699,CHINA,GLEX,45,,87,83.0 ,89.7,88.7,,,,,
MBTAR,ISLE OF MAN,GLEX,45,,87,83.0 ,89.7,88.7,,,,,
MHAWK,ISLE OF MAN,GLEX,45,44452,87,83,89.7,88.7,,"Data obtained on 19JAN,2017",,,
N143KB,U.S.A.,GLEX,45,,87,83.0 ,89.7,88.7,,,,,
N170SW,U.S.A.,GLEX,45,,87,83.0 ,89.7,88.7,,,,,
N17GX,U.S.A.,GLEX,45,,87,83.0 ,89.7,88.7,,,,,
N1FE,U.S.A.,GLEX,45,,87,83.0 ,89.7,88.7,,,,,
N393BV,U.S.A.,GLEX,45,,87,83.0 ,89.7,88.7,,,,,
N393BZ,U.S.A.,GLEX,45,,87,83.0 ,89.7,88.7,,,,,
N519CP,U.S.A.,GLEX,45,,87,83.0 ,89.7,88.7,,,,,
N711MC,U.S.A.,GLEX,45,,87,83.0 ,89.7,88.7,,,,,
N888ZP,U.S.A.,GLEX,45,,87,83.0 ,89.7,88.7,,,,,
N90FX,U.S.A.,GLEX,45,,87,83.0 ,89.7,88.7,,,,,
N92FX,U.S.A.,GLEX,45,,87,83.0 ,89.7,88.7,,,,,
T7GQM,SAN MARINO,GLEX,45,,87,83.0 ,89.7,88.7,,,,,
VHCCX,AUSTRALIA,GLEX,45,44452,87,83,89.7,88.7,,,,,
N320GX,U.S.A.,GLEX,45,44452,87,83,89.7,88.7,,,,,
VTHMA,INDIA,GLEX,45,44452,87,83,89.7,88.7,,,,,
9HCIO,MALTA,GLEX,46,45132,87,83,89.7,88.7,,,,,
N850TR,U.S.A.,GLEX,45,44452,87,83,89.7,88.7,,,,,
N886WB,U.S.A.,GLEX,45,44452,87,83,89.7,88.7,,,,,
N3PC,U.S.A.,GLEX,45,44452,87,83,89.7,88.7,,,,,
N2T,U.S.A.,GLEX,45,44452,87,83,89.7,88.7,,,,,
N218AL,U.S.A.,GLEX,45,44452,87,83,89.7,88.7,,S/N: 9260,,,
CGXBB,CANADA,GLEX,45,44452,87,83,89.7,88.7,,,,,
N610AW,U.S.A.,GLEX,45,44452,87,83,89.7,88.7,,,,,
GXXRS,UNITED KINGDOM,GLEX,45,44452,87,83,89.7,88.7,,,,,
N115TR,U.S.A.,GLEX,45,44452,87,83,89.7,88.7,,,,,
N65WL,U.S.A.,GLEX,45,44452,87,83,89.7,88.7,,,,,
MGSKY,ISLE OF MAN,GLEX,46,45132,87,83,89.7,88.7,,,,,
N191WH,U.S.A.,GLEX,45,44452,87,83.04,89.78,88.74,,,,,
N59GX,U.S.A.,GLEX,45,44452,87,83.2,89.7,87.9,,,,,
N302AK,U.S.A.,GLEX,45,,87,83.4 ,89.8,88.4,,,,,
N421SZ,U.S.A.,GLEX,45,,87,83.4 ,89.8,88.4,,,,,
N933EY,U.S.A.,GLEX,45,44452,87,83.4,89.8,88.4,,,,,
N999YX,U.S.A.,GLEX,46,45133,87,83.4,89.8,88.4 ,,,,,
VPBAH,CAYMAN ISLAND,GLEX,46,45132,87,83.4 ,89.8,88.4,,,,,
N889JA,U.S.A.,GLEX,45,44452,87,83.4,89.8,88.4,,,,,
N163EG,U.S.A.,GLEX,45,44452,87,83.4 ,89.8,88.4,,,,,
9HIGH,MALTA,GLEX,46,,87,83.5 ,89.7,88.7,,,,,
9HLXX,MALTA,GLEX,46,,87,83.5 ,89.7,88.7,,,,,
9HVJA,MALTA,GLEX,46,,87,83.5 ,89.7,88.7,,,,,
9HVJC,MALTA,GLEX,46,,87,83.5 ,89.7,88.7,,,,,
9HVJD,MALTA,GLEX,46,45132,87,83.5 ,89.7,88.7,,,,,
9HVJH,MALTA,GLEX,46,,87,83.5 ,89.7,88.7,,,,,
9HVJI,MALTA,GLEX,46,,87,83.5 ,89.7,88.7,,,,,
9HVJJ,MALTA,GLEX,46,,87,83.5 ,89.7,88.7,,,,,
9HVJK,MALTA,GLEX,46,,87,83.5 ,89.7,88.7,,,,,
9HVJL,MALTA,GLEX,46,,87,83.5 ,89.7,88.7,,,,,
9HVJM,MALTA,GLEX,46,,87,83.5 ,89.7,88.7,,,,,
9HVJN,MALTA,GLEX,46,,87,83.5 ,89.7,88.7,,,,,
9HVJO,MALTA,GLEX,46,,87,83.5 ,89.7,88.7,,,,,
9HVJP,MALTA,GLEX,46,,87,83.5 ,89.7,88.7,,,,,
9HVJQ,MALTA,GLEX,46,,87,83.5 ,89.7,88.7,,,,,
9HVJR,MALTA,GLEX,46,,87,83.5 ,89.7,88.7,,,,,
9HVJS,MALTA,GLEX,46,45132,87,83.5,89.7,88.7,,VISTAJET LIMITED,,,
9HVJT,MALTA,GLEX,46,,87,83.5 ,89.7,88.7,,,,,
9HVJU,MALTA,GLEX,46,45132,87,83.5 ,89.7,88.7,,,,,
9HVJV,MALTA,GLEX,46,45132,87,83.5,89.7,88.7,,Vistajet limited,,,
9HVJW,MALTA,GLEX,46,45132,87,83.5 ,89.7,88.7,,,,,
9HVJX,MALTA,GLEX,46,45132,87,83.5 ,89.7,88.7,,,,,
9HVJY,MALTA,GLEX,46,45132,87,83.5 ,89.7,88.7,,Departure: Oct/04,,,
FHFIP,FRANCE,GLEX,46,,87,83.5 ,89.7,88.7,,,,,
HBJFE,SWITZERLAND,GLEX,46,45132,87,83.5,89.7,88.7,,CAPPS DATA OBTAINED,,,
HBJFY,SWITZERLAND,GLEX,46,,87,83.5 ,89.7,88.7,,,,,
MDSUN,ISLE OF MAN,GLEX,46,,87,83.5 ,89.7,88.7,,,,,
MRSKL,ISLE OF MAN,GLEX,46,,87,83.5 ,89.7,88.7,,,,,
MYOIL,ISLE OF MAN,GLEX,46,45132,87,83.5,89.7,88.7,,Data obtained on 02FEB17,,,
N118WT,U.S.A.,GLEX,46,,87,83.5 ,89.7,88.9,,,,,
N121RS,U.S.A.,GLEX,46,,87,83.5 ,89.7,88.7,,,,,
N15SD,U.S.A.,GLEX,46,,87,83.5 ,89.7,88.7,,,,,
N1868M,U.S.A.,GLEX,46,,87,83.5 ,89.7,88.7,,,,,
N1NE,U.S.A.,GLEX,46,,87,83.5 ,89.7,88.7,,,,,
N70EW,U.S.A.,GLEX,46,,87,83.5 ,89.7,88.7,,(2015.12 44/87/82.7/89.8より変更、CERT有）,,,
N726AF,U.S.A.,GLEX,46,,87,83.5 ,89.7,88.7,,,,,
N807DC,U.S.A.,GLEX,46,,87,83.5 ,89.7,88.7,,,,,
N810TS,U.S.A.,GLEX,46,,87,83.5 ,89.7,87.9,,,,,
N981TS,U.S.A.,GLEX,46,,87,83.5 ,89.7,88.7,,,,,
OEIRA,AUSTRIA,GLEX,46,,87,83.5 ,89.7,,,緒元なし/RJAAに来たら緒元リクエスト必要,,,
OEIRT,AUSTRIA,GLEX,46,,87,83.5 ,89.7,,,緒元なし/RJAAに来たら緒元リクエスト必要,,,
PRMLJ,BRAZIL,GLEX,46,45133,87,83.5,89.7,88.7,,CAPPS no data；取り寄せ中,,,
VHTGG,AUSTRALIA,GLEX,46,45133,87,83.5 ,89.7,88.7,,,,,
VPCCN,CAYMAN ISLANDS,GLEX,46,,87,83.5 ,89.7,88.7,,,,,
9HVJZ,MALTA,GLEX,46,45132,87,83.5,89.7,88.7,,,,,
MZMDZ,ISLE OF MAN,GLEX,46,45132,87,83.5,89.7,88.7,,,,,
HBJFX,SWITZERLAND,GLEX,46,45132,87,83.5,89.7,88.7,,,,,
MSIRI,ISLE OF MAN,GLEX,46,45132,87,83.5,89.7,88.7,,,,,
N989SF,U.S.A.,GLEX,46,45132,87,83.5,89.7,88.7,,,,,
VPCTP,CAYMAN ISLAND,GLEX,46,45132,87,83.5,89.7,88.7,,,,,
B3389,CHINA,GLEX,46,45132,87,83.5,89.7,88.7,,,,,
MMAXX ,ISLE OF MAN,GLEX,46,45132,87,83.5,89.7,88.7,,,,,
OEIEO,AUSTRIA,GLEX,46,45132,87,83.5,89.7,88.7,,,,,
9HOJS,MALTA,GLEX,46,45132,87,83.5,89.7,88.7,,,,,
N2FE,U.S.A.,GLEX,46,45132,87,83.7 ,89.7,87.8,,,,,
9HVTD,MALTA,GLEX,46,45132,87,83.7,89.7,87.8,,,,,
9HOPE,MALTA,GLEX,46,45132,87,83.7,89.7,87.8,,,,,
N178HT,U.S.A.,GLEX,46,45132,87,83.7,89.7,87.8,,,,,
MBLUE,ISLE OF MAN,GLEX,46,45132,87,83.7,89.7,87.8,,,,,
LXZED,LUXEMBOURG,GLEX,46,45132,87,83.7,89.7,87.8,,,,,
9HKLS,MALTA,GLEX,46,45132,87,83.7,89.7,87.8,,,,,
N433DC,U.S.A.,GLEX,43,,86,80.4 ,89.7,88.1,,,,,
N70PS,U.S.A.,GLEX,44,,86,82.1 ,89.7,88.8,,,,,
VTDAK,INDIA ,GLEX ,44,43545,#VALUE!,RQST,RQST,RQST,,CAPPS NO DATA; 要RQST/by EOC　(estimate),,,
B3246,CHINA,GLEX ,46,45132,87,82.4,89.7,87.9,,JAPAN4825,,,
N288DG,U.S.A.,GLEX ,46,45132,87,82.4,89.7,87.9,,,,,
N898MJ,U.S.A.,GLEX ,46,45132,87,82.4,89.7,87.9,,,,,
N400BC,U.S.A.,GLEX ,46,45132,87,82.4,89.7,87.9,,,,,
B8196,CHINA,GLEX ,46,45132,87,83.5,89.7,88.7,,capps data あり,,,
N702DR,U.S.A.,GLEX ,46,45132,87,83.5,89.7,88.7,,,,,
JA8431,JAPAN,GLF2,29,,93,86.8 ,98.6 ,100.7,,,,,
N734TJ,U.S.A.,GLF3,32,,91,82.9 ,97.7 ,95.2,,,,,
N224KL,U.S.A.,GLF3,32,31616,91,82.9,97.7,95.2,,,,,
N270MC,U.S.A.,GLF3,32,31616,91,82.9,97.7,95.2,,,,,
N992NA,U.S.A.,GLF3,0,,0,,,,,,,,
N127RR,U.S.A.,GLF4,#VALUE!,No need,#VALUE!,RQST,RQST,RQST,,,,,
N102BQ,U.S.A.,GLF4,34,,87,79.0 ,93.3 ,87.6,,,,,
N178PT,U.S.A.,GLF4,34,33838,87,79,93.3,87.6,,Data obtained from CAPPS on 03FEB17,,,
N273SF,U.S.A.,GLF4,34,,87,79.0 ,93.3 ,87.6,,,,,
N371FP,U.S.A.,GLF4,34,33838,87,79,93.3,87.6,,,,,
N386JD,U.S.A.,GLF4,34,,87,79.0 ,93.3 ,87.6,,,,,
N526EE,U.S.A.,GLF4,34,,87,79.0 ,93.3 ,87.6,,,,,
N551CB,U.S.A.,GLF4,34,,87,79.0 ,93.3 ,87.6,,,,,
N67TM,U.S.A.,GLF4,34,,87,79.0 ,93.3 ,87.6,,,,,
N688LS,U.S.A.,GLF4,34,,87,79.0 ,93.3 ,87.6,,,,,
N7JM,U.S.A.,GLF4,34,33838,87,79,93.3,87.6,,Data obtained from CAPPS on 03FEB17,,,
N80QJ,U.S.A.,GLF4,34,,87,79.0 ,93.3 ,87.6,,,,,
N814RR,U.S.A.,GLF4,34,33838,87,79.0 ,93.3,87.6,,"Data obtained on 11JAN,2017",,,
N888FR,U.S.A.,GLF4,34,33838,87,79.0 ,93.3 ,87.6,,,,,
N950LG,U.S.A.,GLF4,34,,87,79.0 ,93.3 ,87.6,,,,,
N962SS,U.S.A.,GLF4,34,,87,79.0 ,93.3 ,87.6,,,,,
RPC8346,PHILIPPINES,GLF4,34,,87,79.0 ,93.3 ,87.6,,,,,
N478GS,U.S.A.,GLF4,34,,87,79,93.3,87.6,,,,,
N707CW,U.S.A.,GLF4,34,33838,87,79,93.3,87.6,,,,,
N316VB,U.S.A.,GLF4,34,33838,87,79,93.3,87.6,,,,,
N324FP,U.S.A.,GLF4,34,33838,87,79,93.3,87.6,,,,,
N268VT,U.S.A.,GLF4,34,33838,87,79,93.3,87.6,,,,,
VHTXS,AUSTRALIA,GLF4,34,33203,86,77.5,93,86.6,,,,,
N388AJ,U.S.A.,GLF4,33,,86,78.2 ,93.3 ,,,諸元なし,,,
B8093,CHINA,GLF4,34,,85,75.8 ,92.3 ,89.5,,,,,
B8098,CHINA,GLF4,34,,85,75.8 ,92.3 ,89.5,,,,,
B8158,CHINA,GLF4,34,,85,75.8 ,92.3 ,89.5,,,,,
B8267,CHINA,GLF4,34,,85,75.8 ,92.3 ,89.5,,,,,
B8291,CHINA,GLF4,34,,85,75.8 ,92.3 ,89.5,,,,,
B8300,CHINA,GLF4,34,,85,75.8 ,92.3 ,89.5,,,,,
BKHK,HONG KONG,GLF4,34,,85,75.8 ,92.3 ,,,諸元なし,,,
BLCK,HONG KONG,GLF4,34,,85,75.8 ,92.3 ,89.5,,,,,
BLIS,HONG KONG,GLF4,34,,85,75.8 ,92.3 ,89.5,,,,,
BLWW,HONG KONG,GLF4,34,,85,75.8 ,92.3 ,89.5,,,,,
N111CQ,U.S.A.,GLF4,34,,85,75.8 ,92.5 ,89.5,,,,,
N125TF,U.S.A.,GLF4,34,,85,75.8 ,92.3 ,89.5,,,,,
N1902P,U.S.A.,GLF4,34,,85,75.8 ,92.3 ,89.5,,,,,
N251VP,U.S.A.,GLF4,34,,85,75.8 ,92.3 ,89.5,,,,,
N3918Y,U.S.A.,GLF4,34,,85,75.8 ,92.3 ,89.5,,,,,
N450GA,U.S.A.,GLF4,34,,85,75.8 ,92.3 ,89.5,,,,,
N450GD,U.S.A.,GLF4,34,,85,75.8 ,92.3 ,89.5,,,,,
N451C,U.S.A.,GLF4,34,,85,75.8 ,92.3 ,89.5,,,,,
N512RJ,U.S.A.,GLF4,34,,85,75.8 ,92.3 ,89.5,,,,,
N617XT,U.S.A.,GLF4,34,,85,75.8 ,92.3 ,89.5,,,,,
N666ZW,U.S.A.,GLF4,34,33838,85,75.8,92.3,89.5,,,,,
N7RX,U.S.A.,GLF4,34,,85,75.8 ,92.3 ,89.5,,,,,
N818KE,U.S.A.,GLF4,34,,85,75.8 ,92.3 ,89.5,,,,,
N900PY,U.S.A.,GLF4,34,,85,75.8 ,92.3 ,89.5,,,,,
N59CF,U.S.A.,GLF4,34,33521,85,75.8,92.3,89.5,,,,,
B8301,CHINA,GLF4,34,33520,85,75.8,92.3,89.5,,,,,
N701WC,U.S.A.,GLF4,34,33520,85,75.8,92.5,89.5,,,,,
VPCMG,CAYMAN ISLAND,GLF4,34,33838,85,75.8,92.3,89.5,,,,,
N945MM,U.S.A.,GLF4,34,33521,85,75.8,92.3,89.5,,,,,
B8251,CHINA,GLF4,34,33838,85,75.8,92.3,89.5,,,,,
B8155,CHINA,GLF4,34,,85,76.2 ,92.3 ,89.5,,,,,
B8161,CHINA,GLF4,34,,85,76.2 ,92.3 ,89.5,,,,,
B8166,CHINA,GLF4,34,,85,76.2 ,92.3 ,89.5,,,,,
BLAS,HONG KONG,GLF4,34,,85,76.2 ,92.5 ,89.5,,,,,
MPING,ISLE OF MAN,GLF4,34,,85,76.2 ,92.3 ,89.5,,,,,
N121GZ,U.S.A.,GLF4,34,33838,85,76.2,92.3,89.5,,Data obtained from CAPPS on 03FEB17,,,
N129MH,U.S.A.,GLF4,34,,85,76.2 ,92.3 ,89.5,,,,,
N405MU,U.S.A.,GLF4,34,,85,76.2 ,92.3 ,89.5,,,,,
N426GA,U.S.A.,GLF4,34,,85,76.2 ,92.3 ,89.5,,,,,
N494EC,U.S.A.,GLF4,34,,85,76.2 ,92.3 ,89.5,,,,,
N600AR,U.S.A.,GLF4,34,33838,85,76.2 ,92.5 ,89.5,,,,,
N818TS,U.S.A.,GLF4,34,33838,85,76.2 ,92.3 ,89.5 ,,NOISE updated on 24DEC17; MTOW given on NOISE CERTIFICATE matches with the info from Email by PANG,,,
N823A,U.S.A.,GLF4,34,,85,76.2 ,92.5 ,89.5,,,,,
N868BB,U.S.A.,GLF4,34,,85,76.2 ,92.3 ,89.5,,,,,
N903G,U.S.A.,GLF4,34,,85,76.2 ,92.3 ,89.5,,,,,
OEIRE,AUSTRIA,GLF4,34,,85,76.2 ,92.3 ,89.5,,,,,
VPCPD,CAYMAN ISLAND,GLF4,34,33838,85,76.2,92.3,89.5,,,,,
VPCQQ,CAYMAN ISLAND,GLF4,34,,85,76.2 ,92.3 ,89.5,,,,,
N88999,U.S.A.,GLF4,34,33838,85,76.2,92.3,89.5,,,,,
PRVCO,BRAZIL,GLF4,34,33838,85,76.2,92.3,89.5,,,,,
N550WT,U.S.A.,GLF4,34,33521,85,76.2,92.3,89.5,,,,,
MYANG,ISLE OF MAN,GLF4,34,33838,85,76.2,92.3,89.5,,,,,
B8253,CHINA,GLF4,34,33838,85,76.2,92.5,89.5,,,,,
B8252,CHINA,GLF4,34,33838,85,76.2,92.5,89.5,,,,,
VPCET,CAYMAN ISLAND,GLF4,34,33838,85,76.2,92.5,89.5,,,,,
N123EM,U.S.A.,GLF4,34,33838,85,76.2,92.3,89.5,,,,,
N714AA,U.S.A.,GLF4,34,33838,85,76.2,92.3,89.5,,,,,
N588LS,U.S.A.,GLF4,34,,85,77.5 ,92.0 ,86.6,,,,,
N5NG,U.S.A.,GLF4,34,,85,77.5 ,92.0 ,86.6,,,,,
N620JH,U.S.A.,GLF4,34,,85,77.5 ,92.0 ,86.6,,,,,
N827GA,U.S.A.,GLF4,34,,85,77.5 ,92.0 ,86.6,,,,,
XAASI,MEXICO,GLF4,34,33838,85,77.5 ,92.0 ,86.6,,,,,
N445MD,U.S.A.,GLF4,34,,85,78.2 ,91.0 ,87.6,,,,,
N473CW,U.S.A.,GLF4,34,,85,78.2 ,91.0 ,87.6,,,,,
N151SD,U.S.A.,GLF4,34,33838,85,78.2,91,87.6,,,,,
N222RA,U.S.A.,GLF4,34,,85,78.5 ,91.0 ,,,緒元なし/RJAAに来たら緒元リクエスト必要,,,
B8091,CHINA,GLF4,34,,85,78.6 ,91.0 ,87.7,,,,,
N385PD,U.S.A.,GLF4,34,,85,78.6 ,91.0 ,87.7,,,,,
N475LC,U.S.A.,GLF4,34,,85,78.6 ,91.0 ,87.7,,,,,
N988LS,U.S.A.,GLF4,34,,85,78.6 ,91.0 ,87.7,,,,,
N818BA,U.S.A.,GLF4,34,33203,85,78.6 ,91.0 ,87.7,,,,,
N10YU,U.S.A.,GLF4,34,33203,85,78.6 ,91.0 ,87.7,,,,,
N400HG,U.S.A.,GLF4,34,33204,85,78.6 ,91.0 ,87.7,,,,,
N619A,U.S.A.,GLF4,34,33203,85,78.6 ,91.0 ,87.7,,,,,
N168BB,U.S.A.,GLF4,34,33838,85,79,91,87.6,,,,,
N961RF,U.S.A.,GLF4,34,33838,85,RQST,RQST,RQST,,No noise cert even after asking Houston. Will update the data once more updated information is received.,,,
VHNKD,AUSTRALIA,GLF4,33,32160,84,74.1 ,92.5,89.7,,,,,
2YAYA,BAILIWICK OF GUERNSEY,GLF4,33,32523,84,76.8,91,87.3,,,,,
N999NB,U.S.A.,GLF4,34,,84,79.0 ,87.6 ,87.6,,,,,
VPCYH,CAYMAN ISLAND,GLF4,34,33838,80,75.8,82.3,89.5,,The value of approach noise is strange but it was extracted from the noise certificate provided by the operator.,,,
N721KJ,U.S.A.,GLF4 ,34,33838,87,79,93.3,87.6,,data obtained on 15FEB17,,,
N818BK,U.S.A.,GLF4 ,34,33838,87,79,93.3,87.6,,,,,
N913HH,U.S.A.,GLF4 ,34,33475,85,75.8,92.3,89.5,,,,,
N18S,U.S.A.,GLF4 ,34,33838,85,75.8,92.3,89.5,,,,,
N483CM,U.S.A.,GLF4 ,34,33838,85,76.2,92.3,89.5,,MTOW NEED TO CONFIRM WITH BRAVO TEAM,,,
N502P,U.S.A.,GLF4 ,34,33838,85,76.2,92.3,89.5,,,,,
N85M,U.S.A.,GLF4 ,34,33838,85,76.2,92.5,89.5,,,,,
OYAPM,DENMARK,GLF4 ,34,33838,85,76.2,92.3,89.5,,capps data あり,,,
N813PD,U.S.A.,GLF4  ,34,33203,85,78.6,91,87.7,,MTOW AND NOISE NEED TO CONFIRM,,,
N848JA,U.S.A.,GLF5,42,41277,86,79.3,90.8,90.2,,,,,
N550TY,U.S.A.,GLF5,42,41277,86,79.3,90.8,90.2,,GV-SP (G550),,,
8PMSD,BARBADOS,GLF5,42,,86,79.3,90.8,90.2,,,,,
B3226,CHINA,GLF5,42,,86,79.3,90.8,90.2,,,,,
B3988,CHINA,GLF5,42,41277,86,79.3,90.8,90.2,,Departure: Oct/01,,,
B8125,CHINA,GLF5,42,,86,79.3,90.8,90.2,,,,,
B8126,CHINA,GLF5,42,,86,79.3,90.8,90.2,,,,,
B8152,CHINA,GLF5,42,,86,79.3,90.8,90.2,,,,,
B8157,CHINA,GLF5,42,,86,79.3,90.8,90.2,,,,,
B8168,CHINA,GLF5,42,,86,79.3,90.8,90.2,,,,,
B8256,CHINA,GLF5,42,,86,79.3,90.8,90.2,,,,,
B8258,CHINA,GLF5,42,,86,79.3,90.8,90.2,,,,,
B8261,CHINA,GLF5,42,,86,79.3,90.8,90.2,,,,,
B8268,CHINA,GLF5,42,,86,79.3,90.8,90.2,,,,,
B8273,CHINA,GLF5,42,,86,79.3,90.8,90.2,,,,,
B8297,CHINA,GLF5,42,41277,86,79.3,90.8,90.2,,,,,
B8298,CHINA,GLF5,42,,86,79.3,90.8,90.2,,,,,
B8306,CHINA,GLF5,42,,86,79.3,90.8,90.2,,,,,
B90609,REPUBLIC OF CHINA,GLF5,42,41277,86,79.3,90.8,90.2,,Departure: Sep/28,,,
B99888,REPUBLIC OF CHINA,GLF5,42,,86,79.3,90.8,90.2,,,,,
BKCK,HONG KONG,GLF5,42,41277,86,79.3,90.8,90.2,,Departure: Oct/01,,,
BKGP,HONG KONG,GLF5,42,41227,86,79.3,90.8,90.2,,Departure: Nov/01,,,
BKID,HONG KONG,GLF5,42,,86,79.3,90.8,90.2,,,,,
BKVC,HONG KONG,GLF5,42,41277,86,79.3,90.8,90.2,,,,,
BKVE,HONG KONG,GLF5,42,,86,79.3,90.8,,,緒元なし/RJAAに来たら緒元リクエスト必要,,,
BLSM,HONG KONG,GLF5,42,,86,79.3,90.8,90.2,,,,,
HL8200,REP OF KOREA,GLF5,42,41277,86,79.3,90.8,90.2,,,,,
HL8288,REP OF KOREA,GLF5,42,,86,79.3,90.8,90.2,,,,,
HSKPI,THAILAND,GLF5,42,41277,86,79.3,90.8,90.2,,,,,
IADVD,ITALY,GLF5,42,41277,86,79.3,90.8,90.2,,,,,
MGVSP,ISLE OF MAN,GLF5,42,41227,86,79.3 ,90.8,90.2,,"Data obtained on 12JAN,2017",,,
N108DN,U.S.A.,GLF5,42,,86,79.3,90.8,90.2,,,,,
N128GV,U.S.A.,GLF5,42,,86,79.3,90.8,90.2,,,,,
N129KC,U.S.A.,GLF5,42,41277,86,79.3 ,90.8 ,90.2 ,,NOISE updated on 24DEC17; MTOW given on NOISE CERTIFICATE matches with the info from Email by PANG,,,
N159JA,U.S.A.,GLF5,42,,86,79.3,90.8,90.2,,,,,
N168NJ,U.S.A.,GLF5,42,,86,79.3,90.8,90.2,,,,,
N1852B,U.S.A.,GLF5,42,,86,79.3,90.8,90.2,,,,,
N1905W,U.S.A.,GLF5,42,,86,79.3,90.8,90.2,,,,,
N1911W,U.S.A.,GLF5,42,,86,79.3,90.8,90.2,,,,,
N1RP,U.S.A.,GLF5,42,,86,79.3,90.8,90.2,,,,,
N273A,U.S.A.,GLF5,42,,86,79.3,90.8,90.2,,,,,
N288A,U.S.A.,GLF5,42,,86,79.3,90.8,90.2,,,,,
N300A,U.S.A.,GLF5,42,,86,79.3,90.8,90.2,,,,,
N312P,U.S.A.,GLF5,42,,86,79.3,90.8,90.2,,,,,
N319PP,U.S.A.,GLF5,42,41276,86,79.3,90.8,90.2,,,,,
N322K,U.S.A.,GLF5,42,,86,79.3,90.8,90.2,,,,,
N332MM,U.S.A.,GLF5,42,,86,79.3,90.8,90.2,,,,,
N383LS,U.S.A.,GLF5,42,,86,79.3,90.8,89.1,,,,,
N38NG,U.S.A.,GLF5,42,,86,79.3,90.8,90.2,,,,,
N407TR,U.S.A.,GLF5,42,,86,79.3,90.8,90.2,,,,,
N415P,U.S.A.,GLF5,42,,86,79.3,90.8,90.2,,,,,
N500J,U.S.A.,GLF5,42,41277,86,79.3,90.8,90.2,,Departure: Sep/29,,,
N505D,U.S.A.,GLF5,42,,86,79.3,90.8,90.2,,,,,
N517DW,U.S.A.,GLF5,42,,86,79.3,90.8,90.2,,,,,
N517QS,U.S.A.,GLF5,42,,86,79.3,90.8,90.2,,,,,
N523AC,U.S.A.,GLF5,42,,86,79.3,90.8,90.2,,,,,
N531QS,U.S.A.,GLF5,42,41050,86,79.3 ,90.8,90.2,,,,,
N546QS,U.S.A.,GLF5,42,41277,86,79.3 ,90.8,90.2,,,,,
N550AU,U.S.A.,GLF5,42,41277,86,79.3,90.8,90.2,,,,,
N550GD,U.S.A.,GLF5,42,,86,79.3,90.8,90.2,,,,,
N550GU,U.S.A.,GLF5,42,41277,86,79.3,90.8,90.2,,,,,
N550JH,U.S.A.,GLF5,42,41277,86,79.3 ,90.8,90.2,,,,,
N550RH,U.S.A.,GLF5,42,,86,79.3,90.8,90.2,,,,,
N551PM,U.S.A.,GLF5,42,,86,79.3,90.8,90.2,,,,,
N552PM,U.S.A.,GLF5,42,41277,86,79.3,90.8,90.2,,,,,
N554DG,U.S.A.,GLF5,42,,86,79.3,90.8,90.2,,,,,
N5569,U.S.A.,GLF5,42,41277,86,79.3,90.8,90.2,,,,,
N556TT,U.S.A.,GLF5,42,,86,79.3,90.8,90.2,,,,,
N5585,U.S.A.,GLF5,42,,86,79.3,90.8,90.2,,,,,
N558GA,U.S.A.,GLF5,42,,86,79.3,90.8,90.2,,,,,
N575PK,U.S.A.,GLF5,42,,86,79.3,90.8,90.2,,,,,
N581D,U.S.A.,GLF5,42,,86,79.3,90.8,90.2,,,,,
N585A,U.S.A.,GLF5,42,,86,79.3,90.8,90.2,,,,,
N585DW,U.S.A.,GLF5,42,,86,79.3,90.8,90.2,,,,,
N586RW,U.S.A.,GLF5,42,41277,86,79.3,90.8,90.2,,data obtained on 30DEC17 from Capps with 2 pages,,,
N595A,U.S.A.,GLF5,42,,86,79.3,90.8,90.2,,,,,
N599H,U.S.A.,GLF5,42,,86,79.3,90.8,90.2,,,,,
N600J,U.S.A.,GLF5,42,,86,79.3,90.8,90.2,,Departure: Sep/28,,,
N62MS,U.S.A.,GLF5,42,,86,79.3,90.8,90.2,,,,,
N636MF,U.S.A.,GLF5,42,,86,79.3,90.8,90.2,,G550,,,
N63HS,U.S.A.,GLF5,42,,86,79.3,90.8,90.2,,,,,
N678SC,U.S.A.,GLF5,42,,86,79.3,90.8,90.2,,,,,
N688CB,U.S.A.,GLF5,42,,86,79.3,90.8,90.2,,,,,
N721V,U.S.A.,GLF5,42,,86,79.3,90.8,90.2,,,,,
N77CP,U.S.A.,GLF5,42,,86,79.3,90.8,90.2,,,,,
N793CP,U.S.A.,GLF5,42,41277,86,79.3,90.8,90.2,,,,,
N800DL,U.S.A.,GLF5,42,,86,79.3,90.8,90.2,,,,,
N800J,U.S.A.,GLF5,42,,86,79.3,90.8,90.2,,,,,
N818LF,U.S.A.,GLF5,42,41277,86,79.3,90.8,90.2,,,,,
N8258,U.S.A.,GLF5,42,,86,79.3,90.8,90.2,,,,,
N837BA,U.S.A.,GLF5,42,,86,79.3,90.8,90.2,,,,,
N838KE,U.S.A.,GLF5,42,41277,86,79.3,90.8,90.2,,,,,
N838LM,U.S.A.,GLF5,42,41277,86,79.3 ,90.8,90.2,,,,,
N891E,U.S.A.,GLF5,42,41277,86,79.3,90.8,90.2,,,,,
N8JK,U.S.A.,GLF5,42,,86,79.3,90.8,90.2,,,,,
N909AD,U.S.A.,GLF5,42,41277,86,79.3,90.8,90.2,,GAMA AVIATION DIRECT,,,
N91LA,U.S.A.,GLF5,42,41277,86,79.3,90.8,90.2,,,,,
N933H,U.S.A.,GLF5,42,,86,79.3,90.8,90.2,,,,,
N96UA,U.S.A.,GLF5,42,41277,86,79.3,90.8,90.2,,data obtained on 02FEB17 from NAA,,,
N990NB,U.S.A.,GLF5,42,,86,79.3,90.8,90.2,,NOISE CERTがGLF4とGLF5があるので注意！CABへはGLF5の諸元提出、それに伴い数値変更(2015年11月分より）,,,
OELCY,AUSTRIA,GLF5,42,,86,79.3,90.8,90.2,,,,,
PRWRO,INDIA,GLF5,42,41277,86,79.3 ,90.8,90.2,,,,,
VPBSI,BERMUDA,GLF5,42,41277,86,79.3,90.8,90.2,,,,,
VPCJM,CAYMAN ISLAND,GLF5,42,,86,79.3,90.8,90.2,,,,,
XASKY,MEXICO,GLF5,42,,86,79.3,90.8,90.2,,,,,
N898CE,U.S.A.,GLF5,42,41277,86,79.3,90.8,90.2,,JULY2017 order cancelled,,,
N550SN,U.S.A.,GLF5,42,41277,86,79.3,90.8,90.2,,,,,
BLMF,HONG KONG,GLF5,42,41277,86,79.3,90.8,90.2,,,,,
N914X,U.S.A.,GLF5,42,41277,86,79.3,90.8,90.2,,,,,
N721L,U.S.A.,GLF5,42,41277,86,79.3,90.8,90.2,,,,,
N68989,U.S.A.,GLF5,42,"41,277",86,79.3,90.8,90.2,,,,,
N942JT,U.S.A.,GLF5,42,41277,86,79.3,90.8,90.2,,,,,
N917GA,U.S.A.,GLF5,42,41277,86,79.3,90.8,90.2,,GV-SP (G550),,,
N998FA,U.S.A.,GLF5,42,41277,86,79.3,90.8,90.2,,GV-SP (G550),,,
N801TM,U.S.A.,GLF5,42,41277,86,79.3,90.8,90.2,,GV-SP (G550),,,
B2226,CHINA,GLF5,42,41277,86,79.3,90.8,90.2,,,,,
N999FH,U.S.A.,GLF5,42,41277,86,79.3,90.8,90.2,,GV-SP (G550),,,
N383T,U.S.A.,GLF5,42,41277,86,79.3,90.8,90.2,,,,,
N360WF,U.S.A.,GLF5,42,41277,86,79.3,90.8,90.2,,,,,
N535GV,U.S.A.,GLF5,42,41277,86,79.3,90.8,90.2,,,,,
N345LC,U.S.A.,GLF5,42,41277,86,79.3,90.8,90.2,,,,,
N550GS,U.S.A.,GLF5,42,41277,86,79.3,90.8,90.2,,,,,
N247EM,U.S.A.,GLF5,42,41277,86,79.3,90.8,90.2,,,,,
N254SD,U.S.A.,GLF5,42,41277,86,79.3,90.8,90.2,,,,,
B8288,CHINA,GLF5,42,41277,86,79.3,90.8,90.2,,,,,
N524AC,U.S.A.,GLF5,42,41277,86,79.3,90.8,90.2,,,,,
N887MM,U.S.A.,GLF5,42,41277,86,79.3,90.8,90.2,,,,,
MSAWO,ISLE OF MAN,GLF5,42,41277,86,79.3,90.8,90.2,,,,,
N510QS,U.S.A.,GLF5,42,41277,86,79.3,90.8,90.2,,,,,
N252DV,U.S.A.,GLF5,42,41277,86,79.3,90.8,90.2,,,,,
N6HJ,U.S.A.,GLF5,42,41277,86,79.3,90.8,90.2,,,,,
GOGSE,UNITED KINGDOM,GLF5,42,41277,86,79.3,90.8,90.2,,,,,
N550ZB,U.S.A.,GLF5,42,41277,86,79.3,90.8,90.2,,,,,
N561SK,U.S.A.,GLF5,42,41277,86,79.3,90.8,90.2,,,,,
N899V,U.S.A.,GLF5,0,0,86,79.3,90.8,90.2,,,,,
N222GV,U.S.A.,GLF5,42,41277,86,79.3,90.8,90.2,,,,,
N576GA,U.S.A.,GLF5,42,41277,86,79.3,90.8,90.2,,,,,
N770MK,U.S.A.,GLF5,42,41277,86,79.3,90.8,90.2,,,,,
9MJJJ,Malaysia,GLF5,42,41277,86,79.3,90.8,90.2,,,,,
N257A,U.S.A.,GLF5,42,41277,86,79.3,90.8,90.2,,,,,
N100J,U.S.A.,GLF5,42,41277,86,79.3,90.8,90.2,,,,,
B8131,CHINA,GLF5,42,41277,86,79.3,90.8,90.2,,,,,
N100XS,U.S.A.,GLF5,42,41277,86,79.3,90.8,90.2,,,,,
VPCLK,CAYMAN ISLAND,GLF5,42,41277,86,79.3,90.8,90.2,,,,,
N88AY,U.S.A.,GLF5,42,41277,86,79.3,90.8,90.2,,,,,
MSQAR,ISLE OF MAN,GLF5,42,41277,86,79.3,90.8,90.2,,,,,
B8136,CHINA,GLF5,42,41277,86,79.3,90.8,90.2,,,,,
OELCZ,AUSTRIA,GLF5,42,41277,86,79.3,90.8,90.2,,,,,
N200A,U.S.A.,GLF5,42,41277,86,79.3,90.8,90.2,,,,,
N999HZ,U.S.A.,GLF5,42,41277,86,79.3,90.8,90.2,,,,,
N533GV,U.S.A.,GLF5,42,41277,86,79.3,90.8,90.2,,,,,
N92LA,U.S.A.,GLF5,42,41277,86,79.3,90.8,90.2,,,,,
B3358,CHINA,GLF5,42,41277,86,79.3,90.8,90.2,https://insyght.universalweather.com/UWA/fbo1#/classic/Order.aspx?Orderid=69469de0-e825-4c04-9d3a-68b1518bc910,Departure: 6/23,,,
N1HC,U.S.A.,GLF5,42,41279,86,79.3,90.8,90.2,,,,,
OEICQ,AUSTRIA,GLF5,42,41277,86,79.3,90.8,90.2,,,,,
N588DZ,U.S.A.,GLF5,42,41277,86,79.3,90.8,90.2,,,,,
B8292,CHINA,GLF5,42,41277,86,79.3,90.8,90.2,,,,,
N37NG,U.S.A.,GLF5,42,41277,86,79.3,90.8,90.2,,,,,
VPCTA,CAYMAN ISLAND,GLF5,42,,86,79.8,91.0 ,90.2,,,,,
N716AS,U.S.A.,GLF5,42,41050,86,80.3 ,90.8 ,89.1,,,,,
BKDP,HONG KONG,GLF5,42,,86,80.3,90.8,89.1,,Departure: Sep/29,,,
HBJTT,SWITZERLAND,GLF5,42,,86,80.3,90.8,89.1,,,,,
HSWEH,THAILAND,GLF5,42,,86,80.3,90.8,89.1,,,,,
N102DZ,U.S.A.,GLF5,42,,86,80.3,90.8,89.1,,,,,
N123FT,U.S.A.,GLF5,42,,86,80.3,90.8,89.1,,,,,
N1GN,U.S.A.,GLF5,42,,86,80.3,90.8,89.1,,,,,
N21NE,U.S.A.,GLF5,42,,86,80.3,90.8,89.1,,,,,
N253CM,U.S.A.,GLF5,42,,86,80.3,90.8,89.1,,,,,
N4377,U.S.A.,GLF5,42,,86,80.3,90.8,89.1,,,,,
N5616,U.S.A.,GLF5,42,,86,80.3,90.8,89.1,,,,,
N585JC,U.S.A.,GLF5,42,,86,80.3,90.8,89.1,,,,,
N598KZ,U.S.A.,GLF5,42,,86,80.3,90.8,89.1,,,,,
N624N,U.S.A.,GLF5,42,"41,050",86,80.3,90.8,89.1,,,,,
N628BD,U.S.A.,GLF5,42,,86,80.3,90.8,89.1,,Departure: Oct/03,,,
N673P,U.S.A.,GLF5,42,,86,80.3,90.8,89.1,,,,,
N80PS,U.S.A.,GLF5,42,,86,80.3,90.8,89.1,,,,,
N820HB,U.S.A.,GLF5,42,,86,80.3,90.8,89.1,,,,,
N846QM,U.S.A.,GLF5,42,41050,86,80.3,90.8,89.1,,data obtained on 15FEB17,,,
N85NV,U.S.A.,GLF5,42,,86,80.3,90.8,89.1,,,,,
N881HS,U.S.A.,GLF5,42,,86,80.3,90.8,89.1,,,,,
N900LY,U.S.A.,GLF5,42,41050,86,80.3,90.8,89.1,,Departure: Nov/05,,,
N919YC,U.S.A.,GLF5,42,,86,80.3,90.8,89.1,,,,,
N940AJ,U.S.A.,GLF5,42,41050,86,80.3,90.8,89.1,,,,,
VHCCC,AUSTRALIA,GLF5,42,,86,80.3,90.8,80.3,,,,,
VPCAR,CAYMAN ISLAND,GLF5,42,41050,86,80.3,90.8,89.1,,,,,
XAEAJ,MEXICO,GLF5,42,,86,80.3,90.8,89.1,,,,,
N595B,U.S.A.,GLF5,42,41050,86,80.3,90.8,89.1,,,,,
N614CM,U.S.A.,GLF5,42,41050,86,80.3,90.8,89.1,,,,,
N54BS,U.S.A.,GLF5,42,41050,86,80.3,90.8,89.1,,,,,
N62FF,U.S.A.,GLF5,42,41050,86,80.3,90.8,89.1,,,,,
N93VP,U.S.A.,GLF5,42,41050,86,80.3,90.8,89.1,,,,,
MTHOR,ISLE OF MAN,GLF5,42,41050,86,80.3,90.8,89.1,,,,,
N631VR,U.S.A.,GLF5,42,41050,86,80.3,90.8,89.1,,,,,
N168CE,U.S.A.,GLF5,42,41050,86,80.3,90.8,89.1,,,,,
VPBCC,CAYMAN ISLAND,GLF5,39,38600,85,77.6 ,90.5,90.5,,,,,
PRWQY,BRAZIL,GLF5,42,41277,85,77.6,90.8,90.5,,,,,
B8130,CHINA,GLF5,35,,84,75.2,90.9,89.7,,,,,
N709AA,U.S.A.,GLF5,42,41050,84,75.2,90.9,89.7,,This MTOW is in line with what the captain said (Source: CM Blue team),,,
N50KC,U.S.A.,GLF5,35,34020,84,75.2,90.9,89.7,,,,,
B8135,CHINA,GLF5,35,,83,73.9,90.9,90.9,,,,,
B8270,CHINA,GLF5,35,,83,73.9,90.9,90.9,,,,,
N550GA,U.S.A.,GLF5,35,34020,83,73.9,90.9,90.9,,Departure: Oct/22,,,
N582D,U.S.A.,GLF5,35,34020,83,73.9 ,90.9,90.9,,,,,
N999LR,U.S.A.,GLF5,35,,83,73.9,90.9,90.9,,GV-SP (G550),,,
N1777U,U.S.A.,GLF5,35,34020,83,73.9,90.9,90.9,,"GV-SP (G550), ASC 008B installed",,,
VPCLA,CAYMAN ISLAND,GLF5,35,34020,83,73.9,90.9,90.9,,"GV-SP (G550), ASC 008B installed",,,
N284CC,U.S.A.,GLF5,35,34020,83,73.9,90.9,90.9,,,,,
N586G,U.S.A.,GLF5,35,34020,83,73.9,90.9,90.9,,,,,
VPCTE,CAYMAN ISLAND,GLF5,35,34020,83,73.9,90.9,90.9,,,,,
N111,U.S.A.,GLF5 ,42,41277,86,79.3,90.8,90.2,,,,,
N35GR,U.S.A.,GLF5 ,42,41277,86,79.3,90.8,90.2,,,,,
N3788B,U.S.A.,GLF5 ,42,41277,86,79.3,90.8,90.2,,CAPPS DATA OBTAINED,,,
N544DG,U.S.A.,GLF5 ,42,41277,86,79.3,90.8,90.2,,CAPPS DATA OBTAINED,,,
N797CP,U.S.A.,GLF5 ,42,41277,86,79.3,90.8,90.2,,,,,
OEISN,AUSTRIA,GLF5 ,42,41277,86,79.3,90.8,90.2,,,,,
N34HS,U.S.A.,GLF5 ,42,41277,86,79.3,90.8,90.2,,,,,
N233LT,U.S.A.,GLF5 ,42,41277,86,79.3,90.8,90.2,,,,,
VPCEM,CAYMAN ISLAND,GLF5 ,42,41277,86,79.3,90.8,90.2,,,,,
N233LT ,U.S.A.,GLF5 ,42,41277,86,79.3,90.8,90.2,,,,,
N159DE ,U.S.A.,GLF5 ,42,41277,86,79.3,90.8,90.2,,,,,
SERDY,SWEDEN,GLF5 ,42,41277,86,79.3,90.8,90.2,,,,,
N117AL,U.S.A.,GLF5 ,42,41277,85,76.2,92.3,89.5,,,,,
N33LR,U.S.A.,GLF5 ,35,34020,83,73.9,90.9,90.9,,,,,
N805TM,U.S.A.,GLF6,47,46992,#VALUE!,No need,No need,No need,,"Order cancelled (Cheung, 10/12)",,,
N918TA,U.S.A.,GLF6,#VALUE!,No need,#VALUE!,RQST,RQST,RQST,,,,,
MWANG,ISLE OF MAN,GLF6,32,31751,88,82.3 ,92.6,90.1,,,,,
N555GA,U.S.A.,GLF6,46,45500,84,77.9,88.3,89.7,,,,,
9MZZZ,MALAYSIA,GLF6,47,46992,84,78.7,88.3,89.6,,Data obtained from CAPPS on 06FEB17,,,
B56789,REPUBLIC OF CHINA,GLF6,47,46992,84,78.7,88.3,89.6,,data obtained from TSS on 24Mar17,,,
B99988,REPUBLIC OF CHINA,GLF6,47,,84,78.7,88.3,89.6,,,,,91000
BKEY,HONG KONG,GLF6,47,,84,78.7,88.3,89.6,,,,,
BLHK,HONG KONG,GLF6,47,,84,78.7,88.3,89.6,,,,,
HL8299,REP OF KOREA,GLF6,47,46992,84,78.7,88.3,89.6,,,,,
N175GA,U.S.A.,GLF6,47,,84,78.7,88.3,89.6,,,,,
N358V,U.S.A.,GLF6,47,46992,84,78.7,88.3,89.6,,CAPPS DATA OBTAINED,,,
N40D,U.S.A.,GLF6,47,46992,84,78.7,88.3,89.6,,,,,91000
N4CP,U.S.A.,GLF6,47,,84,78.7,88.3,89.6,,,,,
N524EA,U.S.A.,GLF6,47,,84,78.7,88.3,89.6,,,,,
N628TS,U.S.A.,GLF6,47,46992,84,78.7,88.3,89.6,,,,,
N629GD,U.S.A.,GLF6,47,46992,84,78.7 ,88.3,89.6,,,,,
N650ER,U.S.A.,GLF6,47,46992,84,78.7,88.3,89.6,,,,,
N650FJ,U.S.A.,GLF6,47,,84,78.7,88.3,89.6,,,,,
N652BA,U.S.A.,GLF6,47,,84,78.7,88.3,89.6,,,,,
N6D,U.S.A.,GLF6,47,,84,78.7,88.3,89.6,,,,,
N82A,U.S.A.,GLF6,47,46992,84,78.7,88.3,89.6,,,,,
N891WW,U.S.A.,GLF6,47,46992,84,78.7,88.3,89.6,,CAPPS DATA OBTAINED,,,
VPBLF,BERMUDA,GLF6,47,46992,84,78.7 ,88.3,89.6,,"Data obtained on 10JAN,2017",,,
VPCCW,CAYMAN ISLAND,GLF6,47,46992,84,78.7,88.3,89.6,,,,,
VPCKV,CAYMAN ISLAND,GLF6,47,,84,78.7,88.3,89.6,,,,,
N706NR,U.S.A.,GLF6,47,46992,84,78.7,88.3,89.6,,,,,
N999YY,U.S.A.,GLF6,47,46992,84,78.7,88.3,89.6,,,,,
VPCCY,CAYMAN ISLAND,GLF6,47,46992,84,78.7,88.3,89.6,,,,,
N673GF,U.S.A.,GLF6,47,46992,84,78.7,88.3,89.6,,"Order cancelled (Cheung, 10/12)",,,
N650GD ,U.S.A.,GLF6,47,46992,84,78.7,88.3,89.6,,,,,
N650GF,U.S.A.,GLF6,47,46992,84,78.7,88.3,89.6,,,,,
VPCJH,CAYMAN ISLAND,GLF6,47,46992,84,78.7,88.3,89.6,,,,,
N650EH,U.S.A.,GLF6,47,46992,84,78.7,88.3,89.6,,,,,
N193LS,U.S.A.,GLF6,47,46992,84,78.7,88.3,89.6,,,,,
N671WB,U.S.A.,GLF6,47,46992,84,78.7,88.3,89.6,,,,,
N1454H,U.S.A.,GLF6,47,46992,84,78.7,88.3,89.6,,,,,
N846CB,U.S.A.,GLF6,47,46992,84,78.7,88.3,89.6,,,,,
B2977,U.S.A.,GLF6,47,46992,84,78.7,88.3,89.6,,,,,
N559FF,U.S.A.,GLF6,47,46992,84,78.7,88.3,89.6,,,,,
N898S,U.S.A.,GLF6,47,46992,84,78.7,88.3,89.6,,,,,
N333GW,U.S.A.,GLF6,47,46992,84,78.7,88.3,89.6,,,Update the aircraft type on INSYGHT in case it is necessary. Currenlty it is set as G450 on insyght and the handling request shows it is G650.,,
VPCKL,CAYMAN ISLAND,GLF6,47,46992,84,78.7,88.3,89.6,,,,,
VPCOR,CAYMAN ISLAND,GLF6,47,46992,84,78.7,88.3,89.6,,,,,
N300CC,U.S.A.,GLF6,47,46992,84,78.7,88.3,89.6,,,,,
B602M,CHINA,GLF6,47,46992,84,78.7,88.3,89.6,,,,,
VPCJJ,CAYMAN ISLAND,GLF6,47,46992,84,78.7,88.3,89.6,,,,,
N282GA,U.S.A.,GLF6,47,46992,84,78.7,88.3,89.6,,,,,
VPCYL,CAYMAN ISLAND,GLF6,47,46992,84,78.7,88.3,89.6,,,,,
VPCLH,CAYMAN ISLAND,GLF6,47,46992,84,78.7,88.3,89.6,,,,,
MARDI,ISLE OF MAN,GLF6,47,46992,84,78.7,88.3,89.6,,,,,
N9527C,U.S.A.,GLF6,47,46992,84,78.7,88.3,89.6,,,,,
N585GS,U.S.A.,GLF6,47,46992,84,78.7,88.3,89.6,,,,,
B602N,CHINA,GLF6,47,46992,84,78.7,88.3,89.6,,,,,
VPCGP,CAYMAN ISLAND,GLF6,47,46992,84,78.7,88.3,89.6,,,,,
VPCWW,CAYMAN ISLAND,GLF6,47,46992,84,78.7,88.3,89.6,,,,,
N828SN,U.S.A.,GLF6,47,46992,84,78.7,88.3,89.6,,,,,
9MTMJ,MALAYSIA,GLF6,47,46992,84,78.7,88.3,89.6,,,,,
VPCTL,CAYMAN ISLANDS,GLF6,47,46992,84,78.7,88.3,89.6,,,,,
N784AH,U.S.A.,GLF6,44,43091,83,76.5,88.3,89.9,,ASC028 modification: MTOW from 46992 -> 43091,,,
T7ARN,SAN MARINO,GLF6,44,43091,83,76.5,88.3,89.9,,,,,
GGSVI,UNITED KINGDOM,GLF6,46,,83,77.5,88.3,89.8,,,,,
GULFS,UNITED KINGDOM,GLF6,46,,83,77.5,88.3,89.8,,,,,
HSVSK,THAILAND,GLF6,46,,83,77.5,88.3,89.8,,,,,
N113CS,U.S.A.,GLF6,46,45178,83,77.5,88.3,89.8,,,,,
N1777M,U.S.A.,GLF6,46,45178,83,77.5 ,88.3,89.8,,,,,
N211HS,U.S.A.,GLF6,46,45178,83,77.5,88.3,89.8,,,,,
N212LF,U.S.A.,GLF6,46,,83,77.5,88.3,,,,,,
N288WR,U.S.A.,GLF6,46,45178,83,77.5,88.3,89.8,,MTOW要注意,,,
N521HN,U.S.A.,GLF6,46,,83,77.5,88.3,89.8,,,,,
N650GA,U.S.A.,GLF6,46,,83,77.5,88.3,89.8,,,,,
N650GY,U.S.A.,GLF6,46,,83,77.5,88.3,89.8,,,,,
N650JH,U.S.A.,GLF6,46,,83,77.5,88.3,89.8,,,,,
N650JK,U.S.A.,GLF6,46,,83,77.5,88.3,89.8,,,,,
N650NY,U.S.A.,GLF6,46,45178,83,77.5,88.3,89.8,,,,,
N673HA,U.S.A.,GLF6,46,,83,77.5,88.3,89.8,,,,,
N762MS,U.S.A.,GLF6,46,,83,77.5,88.3,89.8,,,,,
N817GS,U.S.A.,GLF6,46,,83,77.5,88.3,89.8,,,,,
N922H,U.S.A.,GLF6,46,,83,77.5,88.3,89.8,,,,,
N998PB,U.S.A.,GLF6,46,45178,83,77.5,88.3,89.8,,,,,
OELZM,AUSTRIA,GLF6,46,,83,77.5,88.3,89.9,,,,,
VPCSG,CAYMAN ISLAND,GLF6,46,45178,83,77.5,88.3,89.8,,,,,
N188WR,U.S.A.,GLF6,42,45178,83,77.5,88.3,89.8,,,,,
N650GU,U.S.A.,GLF6,46,45178,83,77.5,88.3,89.8,,,,,
N650XF,U.S.A.,GLF6,46,45178,83,77.5,88.3,89.8,,,,,
N712KT,U.S.A.,GLF6,46,45178,83,77.5,88.3,89.8,,,,,
N451CS,U.S.A.,GLF6,46,45178,83,77.5,88.3,89.8,,,,,
N1F,U.S.A.,GLF6,46,45177,83,77.5,88.3,89.8,,,,,
N99KZ,U.S.A.,GLF6,46,45177,83,77.5,88.3,89.8,,,,,
N650AF,U.S.A.,GLF6,46,45178,83,77.5,88.3,89.8,,,,,
N288Z,U.S.A.,GLF6,46,45178,83,77.5,88.3,89.8,,,,,
N235BH,U.S.A.,GLF6,46,45177,83,77.5,88.3,89.8,,,,,
OELTF,AUSTRIA,GLF6,46,45177,83,77.5,88.3,89.9,,,,,
VPCKB,CAYMAN ISLAND,GLF6,46,45177,83,77.5,88.3,89.8,,,,,
VPCJR,CAYMAN ISLAND,GLF6,46,45177,83,77.5,88.3,No data,,,,,
B3271,CHINA,GLF6,46,45177,83,77.5,88.3,89.8,,,,,
LXSIX,LUXEMBOURG,GLF6,46,45177,83,77.5,88.3,89.8,,,,,
N650MT,U.S.A.,GLF6,46,45178,83,77.5,88.3,89.8,,,,,
N47TR,U.S.A.,GLF6,46,,83,77.7,88.3,89.8,,,,,
N326JD,U.S.A.,GLF6,46,,82,75.5,88.3,89.8,,,,,
N900KS,U.S.A.,GLF6,34,33974,80,71.7,88.3,90.7,,,,,
N1875A,U.S.A.,GLF6 ,47,46992,84,78.7,88.3,89.6,,capps data obtained,,,
N650VC,U.S.A.,GLF6 ,47,46992,84,78.7,88.3,89.6,,,,,
N65FG,U.S.A.,GLF6 ,47,46992,84,78.7,88.3,89.6,,data obtained on 14MAR17,,,
N858CG,U.S.A.,GLF6 ,47,46992,84,78.7,88.3,89.6,,,,,
N887WT,U.S.A.,GLF6 ,47,46992,84,78.7,88.3,89.6,,obtained from ZULU team on 18May17,,,
N988HK,U.S.A.,GLF6 ,47,46992,84,78.7,88.3,89.6,,,,,
N720LF,U.S.A.,GLF6 ,47,46992,84,78.7,88.3,89.6,,,,,
N666HD,U.S.A.,GLF6 ,47,46992,84,78.7,88.3,89.6,,,,,
N650NB,U.S.A.,GLF6 ,46,45178,83,77.5,88.3,89.8,,,,,
A7CGA,Qatar,GLF6 ,46,45177,83,77.5,88.3,89.8,,,,,
CFKGN,CANADA,H25B,13,,92,86.3,96.5,87.2,,,,,
B3915,CHINA,H25B,13,,87,79.3,93.3,87.1,,,,,
B3917,CHINA,H25B,13,,87,79.3,93.3,87.1,,,,,
N656VR,U.S.A.,H25B,13,12700,87,79.3,93.3,87.1,,TSSASIA; mtow confirming,,,
N851VR,U.S.A.,H25B,13,,87,79.3,93.3,87.1,,,flyover,approach,
N405LA,U.S.A.,H25B,13,12700,87,79.3,93.3,87.1,,,,,
N535RV,U.S.A.,H25B,13,12701,87,79.3,93.3,87.1,,,,,
N760EN,U.S.A.,H25B,13,12701,87,79.3,93.3,87.1,https://insyght.universalweather.com/UWA/fbo1#/classic/Order.aspx?Orderid=44e2d21c-d099-4355-b531-92ca07b9b86c,,,,
N909ZR,U.S.A.,H25B,13,12701,87,79.3,93.3,87.1,,,,,
B3909,CHINA,H25B,13,,86,76.7,94.9,86.6,,,,,
N3663T,U.S.A.,HA4T,18,17916,84,75.1,91.6,91.6,,,84,75.1,
N420EA,U.S.A.,HDJT,5,4808,81,72.9,87.5,85.4,,,,,
N529TG,U.S.A.,HDJT,5,4808,81,72.9,87.5,85.4,,,,,
N117AD,U.S.A.,HDJT,5,4808,81,72.9,87.5,85.4,,,,,
N709JP,U.S.A.,HDJT,5,4808,81,72.9,87.5,85.4,,,,,
N420FJ,U.S.A.,HDJT,5,4808,81,72.9,87.5,85.4,,,,,
N420EX,U.S.A.,HDJT,5,4853,81,73.1,87.4,85.5,,,,,
N420HE,U.S.A.,HDJT,5,,81,73.2,87.5,85.5,,,,,
GBYLP,UNITED KINGDOM,KR2S,2,1420,PRPO機,,,,,PROP機,,,
DCTWO,GERMANY,LJ35,9,8890,90,87.1,92.7,86.7,,,,,
DCFIV,GERMANY,LJ35,9,8890,90,87.1,92.7,86.7,,,,,
N41GJ ,U.S.A.,LJ35,9,8301,88,83.9,91.4,86.7,,,,,
CGTDM,CANADA,LJ35,9,8301,88,83.9,91.4,86.7,,,,,
CGIWO,CANADA,LJ35,9,8301,88,83.9,91.4,86.7,,,,,
N82GG,U.S.A.,LJ35,9,,85,75.8,92.3,,,＊CERT有だが数値が不明,,,
CFEMT,CANADA,LJ35,9,,85,78.7,91.3,87.4,,,,,
N35BG,U.S.A.,LJ35,9,,85,78.7,91.3,87.4,,,,,
N31GJ,U.S.A.,LJ36,9,,88,83.9,91.4,86.7,,,,,
N41GJ,U.S.A.,LJ36,9,,88,83.9,91.4,86.7,,,,,
N51GJ,U.S.A.,LJ36,9,8300,88,83.9,91.4,86.7,,,,,
VHVVI,AUSTRALIA,LJ45,10,9752,89,83.6,93.4,85.1,,,,,
VHLJQ,AUSTRALIA,LJ45,10,9752,85,75.5,93.4,85,,DATA OBTAINED,,,
VHXPN,AUSTRALIA,LJ60,11,,94,89.0 ,98.0 ,94.0 ,,,,,
B3925,CHINA,LJ60,11,,84,78.9 ,87.7 ,83.2 ,,,,,
B3935,CHINA,LJ60,11,,84,78.9 ,87.7 ,83.2 ,,,,,
MIGHT,ISLE OF MAN,LJ60,11,,84,78.9 ,87.7 ,83.2 ,,,,,
DCSLT,GERMANY,LJ60,11,,80,70.8,87.7 ,83.1 ,,,,,
N60LJ,U.S.A.,LJ60,11,10659,80,70.8,87.7,83.1,,takeoff need to confirm,,,
VHNPP,AUSTRALIA,LJ60,11,10659,80,70.8,87.7,83.1,,,,,
VHILJ,AUSTRALIA,LJ60,11,10659,80,70.8,87.7,83.2 ,,,,,
N543JN,U.S.A.,MD11,286,,100,94.7,104.6,,,緒元なし/RJAAに来たら緒元リクエスト必要,,,
N415JN,U.S.A.,MD11,284,,0,,,,,諸元なし,,,
N168CF,U.S.A. ,MD87,68,,91,88.1,93.3,,,緒元なし/RJAAに来たら緒元リクエスト必要,,,
B66666,REPUBLIC OF CHINA,No need,#VALUE!,No need,#VALUE!,RQST,RQST,RQST,,,,,
N529DM,U.S.A.,No need,#VALUE!,No need,#VALUE!,RQST,RQST,RQST,,,,,
A7HHK,Qatar,No need,#VALUE!,No need,#VALUE!,RQST,RQST,RQST,,,,,
N807BC,U.S.A.,No need,#VALUE!,No need,#VALUE!,RQST,RQST,RQST,,,,,
HZHR5,SAUDI ARABIA,No need,#VALUE!,No need,#VALUE!,RQST,RQST,RQST,,,,,
N68889,No need,No need,#VALUE!,No need,#VALUE!,RQST,RQST,RQST,,,,,
N394AK,U.S.A.,GLF4,34,33837,85,75.8,92.3,89.5,,,,,
B8313,CHINA,P180,6,,-,-,-,-,,PROP機,,,
ZKFNZ,NEW ZEALAND,P750,4,3395,#VALUE!,PROP,PROP,PROP,,PROP機,,,
ZKXLE,NEW ZEALAND,P750,4,3395,#VALUE!,PROP,PROP,PROP,,PROP機,,,
N575PC,U.S.A.,PC12,5,,-,-,-,-,,PROP機,,,
N756VM,U.S.A.,PC12,5,,-,-,-,-,,PROP機,,,
n,U.S.A.,PC12,5,,-,-,-,-,,PROP機,,,
VHTGQ,AUSTRALIA,PRM1,6,,86,78.3,92,88.9,,,,,
OYMSI,DENMARK,GLF5,44,43545,87,82.4,89.7,88.8,,Departure: 10/17,,,
LXOLA,RQST,RQST,#VALUE!,RQST,#VALUE!,RQST,RQST,RQST,,potential flight in April,,,
TCCBK,RQST,RQST,#VALUE!,RQST,#VALUE!,RQST,RQST,RQST,https://insyght.universalweather.com/UWA/fbo1#/classic/Order.aspx?Orderid=8e5daf70-4908-4cb3-8d60-9e15d60400de,Departure: 6/16,,,
PKDSS,INDONESIA,SH36 ,13,12292,PRPO機,-,-,-,,,,,
N555TQ,U.S.A.,TBM8,#VALUE!,RQST,#VALUE!,-,-,-,https://insyght.universalweather.com/UWA/fbo1#/classic/Order.aspx?Orderid=e9e457ca-27d2-4381-aaa5-33de8a6c7d72,PROP機,,,
MUSCA,ISLE OF MAN,TBM8,4,3353,PRPO機,PROP機,,,,"PROP機, NOISE NO NEED, BUT MTOW IS NECESSARY",,,
N979MB,U.S.A.,TBM9 ,4,3354,0,,,,,prop ,,,
N990S,U.S.A.,WW24,11,10700,87,88.7,84.2,No data,,"Unusual that Flyover < Approach. But info was extracted from noise cert downloaded from CAPPS. (Cheung, 7/10)",,,
N819AX,U.S.A.,,0,,#VALUE!,RQST,RQST,RQST,,omni air諸元不要,,,
FRAJA,,,#VALUE!,RQST,#VALUE!,RQST,RQST,RQST,https://insyght.universalweather.com/UWA/Order.aspx?Orderid=08ec0243-ca78-4c31-9dad-2059ee587800#08ec0243-ca78-4c31-9dad-2059ee587800,本多さんと確認して、DEPLOMATIC免除対象でなければ緒元必要/免除対象なら不要,,,
ZZ336,,,0,,#VALUE!,UK Royal Air Force,UK Royal Air Force,UK Royal Air Force,,,,,
YK42,,,0,,97,92.3,100.5,94.1,"""Question from SIRIUS AERO""メールに緒元添付有",,,,
URCNT,UKRAINE,,61,61000,97,96,97.4,95.7,,INSYGHT未登録,,,
N889MR,U.S.A.,,16,15785,88,81.4,92.7,85.8,,,,,
N721MC,U.S.A.,,35,34020,84,75.2,90.9,89.7,,,,,
N221DG,U.S.A.,,46,45178,83,77.5,88.3,89.8,,,,,
N3050,U.S.A.,,0,,0,,,,,,,,
N435KD,U.S.A.,,0,,0,,,,,,,,
N472MM,U.S.A.,,0,,0,,,,,,,,
N680NA,U.S.A.,,0,,0,,,,,,,,
N8228N,U.S.A.,,0,,0,,,,,,,,
N846AX,U.S.A.,,0,,0,,,,,**免除申請要注意,,,
VPCVT,CAYMAN ISLANDS,,0,,0,,,,,,,,
OEINH,AUSTRIA,,0,,0,,,,,,,,
ZWPF,NEW ZEALAND,,0,,0,,,,,,,,
EZA777,TURKMENISTAN,,0,,0,,,,,,,,
EZA017,TURKMENISTAN,,0,,0,,,,,,,,
VQBMZ,HONG KONG,,0,,0,,,,,,,,
EZB022,TURKMENISTAN,,0,,0,,,,,,,,
ZSOAK,South Africa,,0,,0,,,,,,,,
XCUJM,MEXICO,,0,,0,,,,,,,,
ZE701,MEXICO,,0,,0,,,,,,,,
B3385,CHINA,,0,,0,,,,,,,,
GZAPX,UNITED KINGDOM,,0,,0,,,,,,,,
,,,0,,0,,,,,,,,
N173CN,U.S.A.,,0,,0,,,,,,,,
N276A,U.S.A.,,0,,0,,,,,,,,
N2313A,U.S.A.,GLEX,46,45133,87,83.7,89.7,87.8,,,,,
N16SA,U.S.A.,GLF6,47,46992,84,78.7,88.3,89.6,,,,,
VQBCC,BERMUDA,GLEX,46,45132,87,82.4,89.7,87.9,,,,,
VPCFK,CAYMAN ISLANDS,GL7T,53,52096,85,80.3,88.8,91.6,,,,,
N512GV,U.S.A.,GLF5,42,41277,86,79.3,90.8,90.2,,,,,
B3196,CHINA,GLF5,42,41277,86,79.3,90.8,90.2,,,,,
HBIVJ,SWISS,GLF6,46,45177,83,77.5,88.3,89.3,,,,,
N845CB,U.S.A.,GLF5,42,41277,86,79.3,90.8,90.2,,,,,
N998ZX,U.S.A.,GLEX,46,45132,87,82.4,89.7,87.9,,,,,
VPCMR,CAYMAN ISLANDS,GLF6,47,46992,84,78.7,88.3,89.6,,,,,
N863MF,U.S.A.,GLF5,35,34155,86,80.3,90.8,89.1,,,,,
N300AY,U.S.A.,GLF5,42,41277,86,79.3,90.8,90.2,,,,,
N883LS,U.S.A.,B737-700,78,77564,91,85.6,95.9,95.1,,,,,
B8309,CHINA,G550,42,41277,86,79.3,90.8,90.2,,,,,
N900J,U.S.A.,GLF5,42,41050,86,80.3,90.8,89.1,,,,,
VHIEJ,AUSTRALIA,GLEX,46,45132,87,82.4,89.7,87.9,,,,,
N300NZ,U.S.A.,CL30,18,17622,83,75.5,89.6,87.6,,,,,
HZAK73,SAUDI ARABIA,B77L,348,347814,97,92,100.3,99.2,,,,,
N857GA,U.S.A.,G550,42,41277,86,79.3,90.8,90.2,,,,,
B8195,CHINA,GL6T,46,45132,87,82.4,89.7,87.9,,,,,
N505SS,U.S.A.,GLF5,35,34020,84,75.2,90.9,89.7,,,,,
MNAME,ISLE OF MAN,GL6T,46,45132,87,83.5,89.7,88.7,,,,,
OELIM,AUSTRIA,GLF5,42,41277,86,79.3,90.8,90.2,,,,,
CSDPL,PORTUGAL,GLEX,46,45132,87,83.5,89.7,88.7,,,,,
VHIQR,AUSTRALIA,GLEX,46,45132,87,83.5,89.7,88.7,,,,,
N898CH,U.S.A.,GLF6,46,45177,83,77.5,88.3,89.8,,,,,
MHSCZ,ISLE OF MAN,GLF6,47,46992,84,78.7,88.3,89.6,,,,,
HZAK32,SAUDI ARABIA,777-300ER,352,351534,97,92.8,100.5,98.7,,,,,
HZAK31,SAUDI ARABIA,777-300ER,352,351534,97,92.8,100.5,98.7,,,,,
FWXAH,FRANCE,A320,77,77000,90,84.8,95.2,92.9,,,,,
FWXAI,FRANCE,A320,77,77000,90,84.8,95.2,92.9,,,,,
FWXAS ,FRANCE,A320,77,77000,90,84.8,95.2,92.9,,,,,
N400J,U.S.A,GLF6,47,46992,84,78.7,88.3,89.6,,,,,
N61WS,U.S.A,GLF4,34,33520,85,76.2,92.3,89.5,,,,,
N67WB,U.S.A,GLF6,46,45117,83,77.5,88.3,89.8,,,,,
N939PG,U.S.A,GLF4,34,33838,85,78.6,91,87.7,,,,,
TCCMB,REP OF TURKEY,LJ45,10,9752,85,75.5,93.4,85.1,,,,,
HZAK33,SAUDI ARABIA,777-300ER,352,351534,97,92.8,100.5,98.7,,,,,
VPCSA,CAYMAN ISLAND,GALX,17,16171,88,82.1,92.7,85.8,,,,,
N907PH,U.S.A,GLEX,46,45132,87,83.7,89.7,87.8,,,,,
N111UB,U.S.A,"	G650ER",46,45177,83,77.5,88.3,89.8,,,,,
HL8372,REP OF KOREA,G650ER,47,46900,84,78.7,88.3,89.6,,,,,
N600GS,U.S.A,G600,43,42910,85,78.3,91.3,88.3,,,,,
VPCEB,CAYMAN ISLANDS,GLEX,46,45132,87,83.5,89.7,88.7,,,,,
N423AX,U.S.A,767-324ER,186,185066,95,91.1,98.5,95.75,,,,,
N477AX,U.S.A,767-300,186,185066,95,91.1,98.5,95.75,,,,,
N819AX,U.S.A,777-200,298,297556,96,91.1,99.5,97.9,,,,,
9HAMZ,MALTA,GL6T,46,45132,87,83.5,89.7,88.7,,,,,
MABJL,ISLE OF MAN,GLF6,46,45177,83,77.5,88.3,89.8,,,,,
N511DB,U.S.A,GLF6,46,45178,83,77.5,88.3,89.8,,,,,
N857GA ,U.S.A,GLF5,42,41277,86,79.3,90.8,90.2,,,,,
B605A,ISRAEL,G280,18,17962,83,75.2,90.5,89.5,,,,,
N20YC,U.S.A.,F2TH,20,19142,86,80.7,91,91.7,,,,,
N968BX,U.S.A.,GLEX,46,45132,87,83.7,89.7,87.8,,,,,
N83SJ,U.S.A.,C25B,7,6292,82,74,88.6,88.8,,,,,
N198RL,U.S.A.,GLF5,42,41277,86,79.3,90.8,90.2,,,,,
N363DC,U.S.A.,GLF4,33,32659,85,78.2,91,87.7,,,,,
VPCYW ,CAYMAN ISLAND,A319,76,75500,90,84.6,93.7,94.2,,,,,
VPCTH,CAYMAN ISLAND,GLF4,34,33910,85,76.2,92.3,89.5,,,,,
VPCFE,CAYMAN ISLAND,"	G650ER",47,46993,84,78.7,88.3,,,,,,
N165MV,U.S.A,E55P,9,8150,80,70.6,88.9,88.7,,,,,
N293EA,U.S.A,MD87,62,61689,90,85.2,93.3,96.4,,,,,
N292EA,U.S.A,MD87,62,61689,90,85.2,93.3,96.4,,,,,
CFZLA,CANADA,GL6T,46,45132,87,83.7,89.7,87.9,,,,,
EJSAID,IRELAND,GL5T,42,41965,86,81.3,89.7,88.9,,,,,
FWXAJ,FRANCE,A320,77,77000,90,84.8,95.2,92.9,,,,,
FWXAK,FRANCE,A320,77,77000,90,84.8,95.2,92.9,,,,,
T7JCI,REPUBLIC OF SAN MARINO,E135,23,22500,86,79.7,91.3,94,,,,,
MSOZO,ISLE OF MAN,GLF6,47,46992,84,78.7,88.3,89.6,,,,,
A7CGE,QATAR,GLF6,47,46992,84,78.7,88.3,89.6,,,,,
HZAK28,SAUDI ARABIA,777-300ER,352,351534,97,92.8,100.5,98.7,,,,,
T7AEG,REPUBLIC OF SAN MARINO,GLF6,46,45177,83,77.5,88.3,89.9,,,,,
N818GC,U.S.A.,GLF4,34,33521,85,75.8,92.3,89.5,,,,,
VHPFV,AUSTRALIA,G150,12,11838,87,80.7,91.9,91.2,,,,,
N297AP,U.S.A.,F900,22,21092,87,80.7,91.7,91.2,,,,,
VPCDB,CAYMAN ISLAND,GL5T,42,41957,86,81.2,89.7,88.1,,,,,
T7ACE,REPUBLIC OF SAN MARINO,GL5T,41,40233,86,81.3,89.7,88.9,,,,,
HSKVS,THAILAND,GLF6,47,46992,84,78.7,88.3,89.6,,,,,
N15GX,U.S.A.,GLEX,46,45133,87,83.5,89.7,88.7,,,,,
N508GD,U.S.A.,GA5C,37,36106,84,75.5,91,87.4,,,,,
N186BB,U.S.A.,HDJT,5,4809,81,72.9,87.5,85.4,,,,,
9HVFF,MALTA,CL60,22,21863,87,81.2,91.3,84.6,,,,,
N242GM,U.S.A.,CL60,42,41277,86,79.3,90.8,90.2,,,,,
VPCNR,CAYMAN ISLAND,GLF6,46,45178,83,77.5,88.3,89.8,,,,,
A7CGG,QATAR,GLF6,47,46992,84,78.7,88.3,89.6,,,,,
N880EC,U.S.A.,F900,21,20639,87,81.9,91.7,89.5,,,,,
N337LS,U.S.A.,GLF5,42,41277,86,79.3,90.8,90.2,,,,,
SEDJK,SWEDEN,FA7X,32,31751,88,82.3,92.6,90.1,,,,,
N1415,U.S.A.,GLEX,46,45132,87,83.5,89.7,88.7,,,,,
VHIEJ,,,0,,0,,,,,,,,
N129NS,U.S.A.,GLF4,34,33838,87,79,93.3,87.6,,,,,
N707WE,U.S.A.,GLF4,34,33837,87,79,93.3,87.6,,,,,
N193WS,U.S.A.,HDJT,5,4854,81,72.9,87.5,85.4,,,,,
N992WS,U.S.A.,HDJT,5,4809,81,72.9,87.5,85.4,,,,,
N1111G ,U.S.A.,GL7T,53,52095,85,80.3,88.8,91.6,,,,,
VPCRT,CAYMAN ISLAND,GLF6,47,46993,84,78.7,88.3,89.6,,,,,
A6CJE,United Arab Emirates,A319,77,76500,90,85.1,93.7,94.2,,,,,
N55PJ,U.S.A.,GLF4,34,33838,87,79,93.3,87.6,,,,,
B8160,China,G550,42,41277,86,79.3,90.8,90.2,,,,,
N269WR,U.S.A.,G550,42,41277,86,79.3,90.8,90.2,,,,,
N3333U,U.S.A.,GL5T,42,41957,86,81.3,89.7,88.9,,,,,
VHCAD,Australia,F900,22,21092,86,79.8,91.7,91.2,,,,,
UR82060,Ukraine,A225,540,540000,105,103.4,105.8,104.6,,,,,
N91JS,U.S.A.,GLF4,34,33838,87,79,93.3,87.6,,,,,
N215BJ,U.S.A.,B350,7,6804,0,,,,,,,,
N378AX,U.S.A.,B763,187,186880,#VALUE!,N/A,98.5,95.68,,,,,
N468AX,U.S.A.,B763,186,185066,#VALUE!,N/A,98.5,95.75,,,,,
N828AX,U.S.A.,B772,295,294835,96,91.1,99.5,97.9,,,,,
N363PJ,U.S.A.,LJ35,9,8300,88,83.9,91.4,86.9,,,,,
VHPVE,Australia,B300,8,7938,0,,,,,,,,
B10P5,China,HDJT,5,4853,81,73.1,87.4,85.5,,,,,
VNA268,VIETNAM,E35L,23,22500,86,79.7,91.3,86.8,,,,,
N551VL,U.S.A.,GLF5,35,34020,83,73.9,90.9,90.9,,,,,
N550GH,U.S.A.,GLF5,42,41277,86,79.3,90.8,90.2,,,,,
VHNJR,AUSTRALIA,E50P,5,4750,79,70.1,86.1,81.6,,,,,
N115MH,U.S.A.,GLEX,46,45133,87,82.4,89.7,87.9,,,,,
N334CA,U.S.A.,B350,8,7485,,PROP,PROP,PROP,,,,,
,,,0,,,,,,,,,,
,,,0,,,,,,,,,,